agent,task_name,category,transfer_strength,enforce_constraint,enable_nonstationary,num_runs,avg_async_mean,avg_async_std,avg_constraint_violation_mean,avg_constraint_violation_std,avg_dom_gap_mean,avg_dom_gap_std,avg_fatigue_mean,avg_fatigue_std,avg_fid_mean,avg_fid_std,avg_reward_raw_mean,avg_reward_raw_std,fatigue_overload_rate_mean,fatigue_overload_rate_std,feasible_rate_mean,feasible_rate_std,independence_gain_mean,independence_gain_std,mastered_mean,mastered_std,regret_mean,regret_std,retention_delta_mean,retention_delta_std,sample_efficiency_mean,sample_efficiency_std,skill_improvement_mean,skill_improvement_std,steps_mean,steps_std,time_to_mastery_mean,time_to_mastery_std,total_reward_mean,total_reward_raw_mean,total_reward_raw_std,total_reward_std
PianoMPC,basic-pbalanced-mweak,basic,weak,False,False,10,36.90947020168255,1.3034599785063634,0.0,0.0,7.32167307958502,0.7800948085351704,0.5619764357213446,0.010559190539646884,0.595002252633636,0.010671430589726687,-1.2483688143966325,0.038403036661803024,0.0,0.0,1.0,0.0,23.39002770855324,4.048132584035826,1.0,0.0,-31.443946900778325,11.100980430910392,0.41016684321803226,0.04432672659979243,43.0,4.381780460041329,0.4696091827597047,0.03923097028406198,43.0,4.381780460041329,43.0,4.381780460041329,31.443946900778325,-53.64605134230337,5.393358542544498,11.100980430910392
CCB-DF,basic-pbalanced-mweak,basic,weak,False,False,10,30.35917223991217,3.0254532916786276,0.0,0.0,7.912899424329692,0.3893929045329052,0.5398049865536848,0.019268125252822597,0.49252889282845347,0.029255867977533708,-1.3537314654121395,0.0759462823089884,0.0,0.0,1.0,0.0,26.202771487770896,5.369245967962594,1.0,0.0,-66.98231363003295,15.466588895695438,0.6156686190035565,0.07244690953047207,77.7,11.764777940955792,0.6536814439935419,0.06144809020354938,77.7,11.764777940955792,77.7,11.764777940955792,66.98231363003295,-104.519732923831,12.22078061577197,15.466588895695438
BayesianMAB,basic-pbalanced-mweak,basic,weak,False,False,10,31.246700740108885,3.28544776086067,0.0,0.0,7.644650209194677,0.6966814680353068,0.5148554476532381,0.07466979068187696,0.5185996311870146,0.03021857790386563,-1.306944810389553,0.06996166609491457,0.0,0.0,1.0,0.0,27.072529731277246,3.487963983185972,1.0,0.0,-38.869588111981464,11.865993432905746,0.48832211889732946,0.06882235266054681,49.2,10.156771140475698,0.5530149371793837,0.0632857584696293,49.2,10.156771140475698,49.2,10.156771140475698,38.869588111981464,-64.26429719590175,13.351354655095689,11.865993432905746
Thompson,basic-pbalanced-mweak,basic,weak,False,False,10,27.607303519421503,3.3138914133495976,0.0,0.0,7.358601683185074,0.4650954119258402,0.5467049235817595,0.01455195725339615,0.5189397511144703,0.024191284963840685,-1.2614206573982165,0.07652393100638454,0.0,0.0,1.0,0.0,26.582316810324293,1.9697919517253817,1.0,0.0,-60.22130742961998,15.719913457466417,0.5986008414451602,0.0647076433058773,71.2,10.943491216243563,0.6408801703946893,0.06119769257509217,71.2,10.943491216243563,71.2,10.943491216243563,60.22130742961998,-89.11520948226362,9.397715383763225,15.719913457466417
PianoMPC,basic-pbalanced-mmedium,basic,medium,False,False,10,38.97847114973654,2.6170821060715213,0.0,0.0,7.802066676255362,1.3627643859055376,0.5099994436621718,0.022023824164203103,0.6372152978126764,0.017809472096328605,-1.2018513468099332,0.03907152305223997,0.0,0.0,1.0,0.0,21.084437075428358,2.8649640178100855,1.0,0.0,-18.771466238802624,6.593926667803257,0.38774441568591206,0.07128330559119074,25.1,5.503635162326805,0.48164183933795635,0.03828397432226263,25.1,5.503635162326805,25.1,5.503635162326805,18.771466238802624,-29.985839049408224,5.670055661885752,6.593926667803257
CCB-DF,basic-pbalanced-mmedium,basic,medium,False,False,10,30.189422612178163,4.901709452410203,0.0,0.0,7.512945717016429,0.8435710309937107,0.5271688433986002,0.027137317060284737,0.503791025806558,0.038475172430163435,-1.312133812351144,0.10699110629474222,0.0,0.0,1.0,0.0,27.49147061904726,3.9760234383080273,1.0,0.0,-38.85565444449894,12.684501963424298,0.5849353659150116,0.11639509031900817,41.6,10.268398122394748,0.6554903965694534,0.07718139561193552,41.6,10.268398122394748,41.6,10.268398122394748,38.85565444449894,-53.559948517486056,8.953091635797511,12.684501963424298
BayesianMAB,basic-pbalanced-mmedium,basic,medium,False,False,10,32.34027541207708,4.889994965853433,0.0,0.0,8.044813318723097,1.2619506747066587,0.4838605643549835,0.07272168597599461,0.5521770338823392,0.03684099518180259,-1.2601317282948155,0.12952249222119405,0.0,0.0,1.0,0.0,27.244781964882872,4.666065859142023,1.0,0.0,-24.50331720499645,10.012288889991822,0.4533956665772596,0.10559246051787094,26.7,5.866003750424986,0.5887930991936601,0.09023762100230096,26.7,5.866003750424986,26.7,5.866003750424986,24.50331720499645,-33.52053624477863,7.600415793305316,10.012288889991822
Thompson,basic-pbalanced-mmedium,basic,medium,False,False,10,28.74701128836436,3.2515491548220306,0.0,0.0,7.360098222425845,1.0257089483510167,0.5330454336363943,0.03190060405607639,0.5420617722889964,0.028248232714789337,-1.227604635079655,0.08896874048639104,0.0,0.0,1.0,0.0,27.742292483798234,3.1123206955538074,1.0,0.0,-34.87449948364993,10.69879215172022,0.5935480475309671,0.07417452034151806,39.6,6.036555309114627,0.6759647672116005,0.04280957656158823,39.6,6.036555309114627,39.6,6.036555309114627,34.87449948364993,-48.15850943457788,4.842360035207905,10.69879215172022
PianoMPC,basic-pbalanced-mstrong,basic,strong,False,False,10,43.25267100458971,4.405383670806196,0.0,0.0,7.204369034220275,1.0301444428441096,0.4012941176470589,0.053038807036952886,0.6739188801219745,0.021885054548753894,-1.140147152882262,0.07802985955355192,0.0,0.0,1.0,0.0,21.72401231262406,4.520408500011478,1.0,0.0,-12.966984323808706,6.702812181459807,0.27758460657641487,0.07350794705991567,13.6,3.878143885933063,0.44281174740710405,0.02473903407941145,13.6,3.878143885933063,13.6,3.878143885933063,12.966984323808706,-15.339129875325511,3.758511943096038,6.702812181459807
CCB-DF,basic-pbalanced-mstrong,basic,strong,False,False,10,24.310487805292013,3.0624709341097756,0.0,0.0,7.515291614819081,1.0078951106958505,0.5018341190743172,0.030852069061386225,0.5504968832265359,0.0163491502362635,-1.1601062275990075,0.0669101728334933,0.0,0.0,1.0,0.0,30.303111649711177,4.133414968171977,1.0,0.0,-31.760431783485537,7.78542760998896,0.6638554939310766,0.057642954931976874,34.7,5.1778373863998475,0.7048348429901133,0.030295984338868175,34.7,5.1778373863998475,34.7,5.1778373863998475,31.760431783485537,-39.9866391563588,4.4593549130276084,7.78542760998896
BayesianMAB,basic-pbalanced-mstrong,basic,strong,False,False,10,28.0835040870275,5.179747082921739,0.0,0.0,7.207874670658358,0.7997170361438061,0.4537683631789392,0.08272114588785696,0.6007762262489333,0.04971762823307296,-1.0963411188532686,0.11693727708435747,0.0,0.0,1.0,0.0,27.535022400513377,4.119870176533528,1.0,0.0,-21.33438624014296,7.826763696139701,0.5183920798095023,0.12788228188217918,23.1,7.38173421358423,0.6511476625528282,0.083582431283032,23.1,7.38173421358423,23.1,7.38173421358423,21.33438624014296,-25.11979008070663,7.50048075648557,7.826763696139701
Thompson,basic-pbalanced-mstrong,basic,strong,False,False,10,25.847357052909093,3.6339153883905113,0.0,0.0,8.213081432198589,1.1188090616599855,0.5256428389388799,0.02096777087490483,0.5924514288090797,0.025305361420873338,-1.1247876507032672,0.07313753739532203,0.0,0.0,1.0,0.0,28.896974816409585,3.09433804636844,1.0,0.0,-28.384201348156797,8.220156506408165,0.6345487262968468,0.09644619358298938,30.5,8.139410298049853,0.7085007612484259,0.05319216903196514,30.5,8.139410298049853,30.5,8.139410298049853,28.384201348156797,-33.86157076256179,7.494544598325822,8.220156506408165
PianoMPC,shift-pmild_left_weak-mweak,shift,weak,False,True,10,38.62367547321533,1.912519989369152,0.0,0.0,7.906571441691854,0.5867247400732224,0.5361533211945797,0.014931974224221878,0.5694644250969373,0.020861623980373226,-1.3273274958268046,0.04733065303247676,0.0,0.0,1.0,0.0,22.85182005155068,2.829747627989252,1.0,0.0,-38.420080748100126,8.952939443359982,0.4755380783049813,0.037991914108907475,46.6,5.44426303552648,0.5007940314684247,0.03654727342066244,46.6,5.44426303552648,46.6,5.44426303552648,38.420080748100126,-61.87462569592195,7.683675363364517,8.952939443359982
CCB-DF,shift-pmild_left_weak-mweak,shift,weak,False,True,10,32.45175458766218,3.0456726334445388,0.0,0.0,8.86840499617023,0.43894891573005745,0.4882033976618786,0.020010329480980683,0.46742555616202497,0.02563675931248231,-1.444307475170562,0.0700127537167324,0.0,0.0,1.0,0.0,26.585581605777456,2.6669809762387184,1.0,0.0,-61.8439532592266,15.292285035316363,0.6511943474243289,0.07332460325685113,77.5,10.249390225764653,0.6693083448602031,0.06448608132433196,77.5,10.249390225764653,77.5,10.249390225764653,61.8439532592266,-111.39579869711588,10.80293371554494,15.292285035316363
BayesianMAB,shift-pmild_left_weak-mweak,shift,weak,False,True,10,31.7520488725292,1.8459832575565336,0.0,0.0,8.269738654517154,0.7253347279315431,0.4425188839025568,0.08884885001965653,0.5042626586273442,0.028470510400859333,-1.3545105534341615,0.06524623749135844,0.0,0.0,1.0,0.0,25.21696989605305,4.609449270127468,1.0,0.0,-40.79736600843789,8.19271452923097,0.5465366051896313,0.06693355147016487,54.0,7.211102550927978,0.5861745428363876,0.07367063008855841,54.0,7.211102550927978,54.0,7.211102550927978,40.79736600843789,-73.11459687217575,10.306814253822475,8.19271452923097
Thompson,shift-pmild_left_weak-mweak,shift,weak,False,True,10,28.121039101128712,3.12637174537651,0.0,0.0,8.556854467498557,0.7196335546153483,0.5110919024405011,0.021187634491979628,0.5109193749217192,0.03130310459182963,-1.3137733926038653,0.08361345017796372,0.0,0.0,1.0,0.0,27.428650112648832,4.362573810603269,1.0,0.0,-60.41721926398136,16.847711058841863,0.6974954737156878,0.09142107622455611,76.3,12.884486796143648,0.7094815860574835,0.0730335937482855,76.3,12.884486796143648,76.3,12.884486796143648,60.41721926398136,-99.27118763425706,12.150748551570668,16.847711058841863
PianoMPC,shift-pmild_left_weak-mmedium,shift,medium,False,True,10,38.92903868610311,3.0446212300594184,0.0,0.0,8.63887785873181,1.4732811473125464,0.4997969246989572,0.023084141594311866,0.6117172058269826,0.028126716555018215,-1.2713489502976023,0.06885967940627757,0.0,0.0,1.0,0.0,20.798977161734918,2.6110078759669038,1.0,0.0,-22.17217422514711,11.325634761709864,0.46594016163874963,0.07087258459123794,30.3,9.402659198333204,0.5173292389007366,0.026146433197433344,30.3,9.402659198333204,30.3,9.402659198333204,22.17217422514711,-37.99676275112018,9.705647947925748,11.325634761709864
CCB-DF,shift-pmild_left_weak-mmedium,shift,medium,False,True,10,31.1888558639777,3.9394919704477593,0.0,0.0,8.84537231132399,1.1875741025701243,0.48361351888781756,0.03179187407285265,0.49445637840779033,0.03552953449555986,-1.3780056140733474,0.09037431436905857,0.0,0.0,1.0,0.0,27.892784743296726,3.6357474676493697,1.0,0.0,-42.32543505624055,8.521492174240132,0.6596535299634927,0.10383458623804885,45.0,7.861297602813418,0.6986193706338936,0.07751254847262445,45.0,7.861297602813418,45.0,7.861297602813418,42.32543505624055,-61.34633907283062,7.344020930037216,8.521492174240132
BayesianMAB,shift-pmild_left_weak-mmedium,shift,medium,False,True,10,29.315544651914603,5.70701130090802,0.0,0.0,8.178479712863714,0.7169027729287193,0.4638576346638283,0.06029411218256902,0.5634950518765367,0.04583247539583543,-1.216143248444943,0.13486615940108335,0.0,0.0,1.0,0.0,28.24596762326197,4.869669986511841,1.0,0.0,-30.701330054399676,9.542372087088895,0.5928185286009348,0.12438767809053522,34.4,10.219589032832973,0.6724657460810423,0.07784063389002721,34.4,10.219589032832973,34.4,10.219589032832973,30.701330054399676,-41.19219118536226,10.552776858963023,9.542372087088895
Thompson,shift-pmild_left_weak-mmedium,shift,medium,False,True,10,28.252515651564863,2.698333340671518,0.0,0.0,8.701141846748616,1.4863967404171252,0.49268255149547785,0.02193634508309047,0.5443894345431066,0.02705579141986296,-1.2563655700557037,0.07964072547939384,0.0,0.0,1.0,0.0,28.30246571013307,4.299974602669343,1.0,0.0,-40.002120628722935,10.013667339112775,0.6726840226085126,0.06050587079939928,42.7,6.050619802962338,0.7116534902614287,0.042820721647105674,42.7,6.050619802962338,42.7,6.050619802962338,40.002120628722935,-53.29187771205248,5.415605124738364,10.013667339112775
PianoMPC,shift-pmild_left_weak-mstrong,shift,strong,False,True,10,41.88171186732049,4.198643535619064,0.0,0.0,8.263242952557858,1.4183769730214921,0.45100724481658705,0.02650856128640863,0.6387319540001218,0.026102643361139977,-1.2256964577931782,0.0870895787672781,0.0,0.0,1.0,0.0,21.521348753358055,3.3727659458446704,1.0,0.0,-17.004065138703172,6.276086138078273,0.37547785232613584,0.06922707744653127,16.5,3.442382895611701,0.48867684866142447,0.027300301652531108,16.5,3.442382895611701,16.5,3.442382895611701,17.004065138703172,-20.030557966697913,3.44254006317225,6.276086138078273
CCB-DF,shift-pmild_left_weak-mstrong,shift,strong,False,True,10,28.99447743954794,4.092624516786529,0.0,0.0,9.275648507956486,1.0760344148133738,0.48837832430328465,0.02531579427648298,0.5158670570278444,0.04642072319868427,-1.319841035397402,0.1297464744629765,0.0,0.0,1.0,0.0,29.577380839434642,3.2853335898165446,1.0,0.0,-36.61001196475795,11.591471756956176,0.6621875056822614,0.08928114178737279,33.2,11.685888926393234,0.71074801844621,0.037709465475590655,33.2,11.685888926393234,33.2,11.685888926393234,36.61001196475795,-42.48374399153113,9.024907116405105,11.591471756956176
BayesianMAB,shift-pmild_left_weak-mstrong,shift,strong,False,True,10,34.09633005490311,5.044843007487055,0.0,0.0,8.801681960891138,1.548725971076348,0.48065301120448184,0.059500003525758904,0.59895332467717,0.035717463001828084,-1.2168817225997135,0.10553845271860698,0.0,0.0,1.0,0.0,26.237760193149562,5.872234193594763,1.0,0.0,-24.459200785762153,9.680747386004098,0.5000913975096881,0.09967361393674076,21.4,6.770524351924302,0.633748232760414,0.08301299227714451,21.4,6.770524351924302,21.4,6.770524351924302,24.459200785762153,-25.849294368800734,7.4963424175879725,9.680747386004098
Thompson,shift-pmild_left_weak-mstrong,shift,strong,False,True,10,31.04676755357405,5.863219491533715,0.0,0.0,8.564527207523522,2.070615381170743,0.4585022451963242,0.04434239120135414,0.552222919494988,0.03179097362154739,-1.2559433299641243,0.1239431195124537,0.0,0.0,1.0,0.0,27.949344858153715,3.6141253800713224,1.0,0.0,-25.806663976188094,9.037611955843792,0.5652809880771675,0.1198862772217084,24.9,6.564297372910524,0.6782128166909159,0.06351921402691343,24.9,6.564297372910524,24.9,6.564297372910524,25.806663976188094,-30.611813821768685,5.312155975000107,9.037611955843792
PianoMPC,safe-psevere_left_weak-mweak,safe,weak,True,True,10,38.99435032802337,2.1610460227152086,0.004283751558002858,0.003399800887052227,8.114567121350316,0.8078575267889272,0.503521200049492,0.020359713268178724,0.5457917336308025,0.01698357961573878,-1.3751732766073719,0.03433828349910003,0.12479066830999333,0.06048984036863966,0.8752093316900067,0.06048984036863966,21.578245105912835,2.9348996372380034,1.0,0.0,-43.172041600610385,7.269999365743623,0.5171040840369108,0.04807908242984182,46.3,5.866003750424986,0.5245113894664534,0.046961578606453086,46.3,5.866003750424986,46.3,5.866003750424986,43.172041600610385,-63.57636535724631,7.4070248248347115,7.269999365743623
CCB-DF,safe-psevere_left_weak-mweak,safe,weak,True,True,10,32.47658046893059,2.4015323602685292,0.003653349177471705,0.002255021320802672,8.405539442545395,0.8196315300469026,0.42520250949504756,0.020082730475705895,0.46289546574737506,0.03112800662801957,-1.4404389036022205,0.08790995129024042,0.06901836190376269,0.02233487166651793,0.9309816380962375,0.02233487166651793,27.441822985120133,3.2646292137654176,1.0,0.0,-64.45785572337999,13.670689356807953,0.7121979830249954,0.06124932031606461,79.9,9.843271813782245,0.6987154373751616,0.051035350589374334,79.9,9.843271813782245,79.9,9.843271813782245,64.45785572337999,-114.51896284093837,10.482715887958191,13.670689356807953
BayesianMAB,safe-psevere_left_weak-mweak,safe,weak,True,True,10,32.507797333263646,2.62653038683602,0.0021162719367769107,0.0012972289359196767,9.054738605760743,1.2685841967262426,0.3681863662790944,0.043584428483048915,0.4858668955698948,0.01866167617294567,-1.4141715587184454,0.06364173409835848,0.04616983233723917,0.02479673423410713,0.9538301676627607,0.02479673423410713,26.899982975553332,3.5024798094529603,1.0,0.0,-41.87351381279792,8.10133143071888,0.5809643344259688,0.06653215697654447,54.0,10.069756700139283,0.5984270856879459,0.0640997633851203,54.0,10.069756700139283,54.0,10.069756700139283,41.87351381279792,-76.02317312160474,12.811975148986889,8.10133143071888
Thompson,safe-psevere_left_weak-mweak,safe,weak,True,True,10,30.808152592966984,3.925506801526894,0.005146736368974123,0.0018770126753233118,9.181515453899289,0.9630655685516967,0.4626232046786427,0.00899716791033511,0.48982766326391525,0.026422336461436918,-1.3982675943255805,0.0850032422648718,0.10154803429588662,0.026427850769880152,0.8984519657041133,0.026427850769880166,27.89238086312941,3.9225932694817818,1.0,0.0,-66.99044048636452,16.056154423807044,0.7257317267403623,0.07650102259687826,75.5,10.042410069301093,0.7117862256525134,0.06974325493081025,75.5,10.042410069301093,75.5,10.042410069301093,66.99044048636452,-104.79741917195149,9.099823726555895,16.056154423807044
PianoMPC,safe-psevere_left_weak-mmedium,safe,medium,True,True,10,40.10201256893113,1.9664000257729664,0.0032371433827574217,0.002288153114075858,8.717908027213971,1.7889558591484591,0.4764931074494658,0.018273107148261844,0.5837389086397472,0.02170921163647821,-1.3319773660306036,0.07931934056974882,0.09458939318004946,0.047388138119479443,0.9054106068199506,0.04738813811947946,20.489028165138823,3.620653377541852,1.0,0.0,-25.417492895672545,6.436080015218529,0.504405800032394,0.05489468012022604,27.8,2.7129319932501073,0.5442124266157367,0.0351937776408863,27.8,2.7129319932501073,27.8,2.7129319932501073,25.417492895672545,-36.90491101789659,2.965995097564601,6.436080015218529
CCB-DF,safe-psevere_left_weak-mmedium,safe,medium,True,True,10,32.67803206601678,3.80756991321277,0.004496499407305782,0.0028957100945747826,9.23432766020547,1.1035877178775433,0.4461254508045294,0.026788171370479893,0.4817896004993,0.028253460740852002,-1.428577154539229,0.09072965332436891,0.10200608441249559,0.046086321281976185,0.8979939155875044,0.04608632128197617,27.510119296457212,4.350363968429052,1.0,0.0,-37.078898510483064,10.472160006692345,0.7032239955934646,0.08830765597091274,45.5,7.915175298121956,0.7142442953693863,0.05652633732186136,45.5,7.915175298121956,45.5,7.915175298121956,37.078898510483064,-64.37967543100903,8.401771266644614,10.472160006692345
BayesianMAB,safe-psevere_left_weak-mmedium,safe,medium,True,True,10,31.028631289700492,3.708505630534268,0.002820215068549829,0.001873716731862232,8.698337881850465,1.2318712922471142,0.37954815168576045,0.07336524445215013,0.5133531176959186,0.03610829662455211,-1.33452636099111,0.06497249877456071,0.08350817731057081,0.047201528931795536,0.916491822689429,0.047201528931795564,25.796928451882792,2.918412845254279,1.0,0.0,-31.71612260644904,13.93698046353199,0.6171184539612521,0.059615315248665354,36.2,5.344155686354955,0.6616981383476869,0.04796573557079375,36.2,5.344155686354955,36.2,5.344155686354955,31.71612260644904,-48.067261508544014,5.5239140813029,13.93698046353199
Thompson,safe-psevere_left_weak-mmedium,safe,medium,True,True,10,27.906695973250855,4.4472237004891015,0.004697815095423842,0.002675576747446491,8.204493288547738,0.4913232585359255,0.4516425417521809,0.026252949928204268,0.5424084751095511,0.03702078729759721,-1.2450562219707144,0.1081179873651454,0.09804826134189604,0.04459785699807098,0.901951738658104,0.04459785699807097,29.960649452801686,3.3397572893971965,1.0,0.0,-42.15794797240655,11.506204679041389,0.7597420323161921,0.1026240620516444,47.6,9.8812954616285,0.7590839001139364,0.0652405943008972,47.6,9.8812954616285,47.6,9.8812954616285,42.15794797240655,-58.35289305099125,8.034337401905965,11.506204679041389
PianoMPC,safe-psevere_left_weak-mstrong,safe,strong,True,True,10,43.463359079531216,2.997198282949261,0.0015805701754386084,0.0017249019854525972,8.499712389402292,1.2376107265469083,0.4475805994152048,0.016884190855144626,0.6096603733405366,0.01684385132076656,-1.3038108148082688,0.06085524960264356,0.08225877192982455,0.04613030730025415,0.9177412280701756,0.04613030730025416,19.77858584667093,2.6712403404286347,1.0,0.0,-18.206083347489994,7.283749259322302,0.4271786529562556,0.04003832721833199,17.0,1.8439088914585775,0.5314166484725728,0.014640068922815745,17.0,1.8439088914585775,17.0,1.8439088914585775,18.206083347489994,-22.114297148411637,2.1600222793060437,7.283749259322302
CCB-DF,safe-psevere_left_weak-mstrong,safe,strong,True,True,10,34.08568260465612,3.0308117188126253,0.0056540037039918755,0.002429496830329116,9.393064982752566,0.9358461250457403,0.4291654441631677,0.030705216258228602,0.48519871032196926,0.02357044896079897,-1.4343241138111373,0.06708141030402419,0.09724524929290966,0.04749471604944867,0.9027547507070904,0.047494716049448674,27.59102298241657,2.8726346153267874,1.0,0.0,-28.816671897715924,7.303785375101541,0.64945701251043,0.08520642669364821,28.5,4.652956049652737,0.7049260314079643,0.04828442185885253,28.5,4.652956049652737,28.5,4.652956049652737,28.816671897715924,-40.60506135901528,4.9497039421593945,7.303785375101541
BayesianMAB,safe-psevere_left_weak-mstrong,safe,strong,True,True,10,30.619710266483406,3.5552833682021787,0.004079170434077362,0.0031133853083751034,9.101691730816624,1.0441847682226362,0.4282368596233358,0.08009265602787058,0.5605673385854099,0.0522686955999447,-1.2600554131397463,0.11532139513289923,0.07975125495072304,0.05299050716399571,0.920248745049277,0.05299050716399572,29.045837528674944,2.610734134198921,1.0,0.0,-27.85152951182467,8.64617561700582,0.6651300751614977,0.1154914107239374,30.3,8.798295289429651,0.7278636038122303,0.06731808984747976,30.3,8.798295289429651,30.3,8.798295289429651,27.85152951182467,-37.740426201256795,9.995687781456608,8.64617561700582
Thompson,safe-psevere_left_weak-mstrong,safe,strong,True,True,10,31.726269745347217,5.946228609224722,0.005181160828187624,0.002934578467228389,8.814203447841985,1.4746913660715795,0.448088787841623,0.029669003802260743,0.5489740170772104,0.036276621882365724,-1.2820061905049187,0.10258365994462634,0.10521630887409686,0.03972911800972698,0.8947836911259032,0.039729118009727,27.35306040582484,4.175983740186962,1.0,0.0,-29.10946579233243,11.042527834323286,0.6481556840498774,0.16299234168457188,28.3,9.252567211320327,0.7081789347884182,0.09565029338653512,28.3,9.252567211320327,28.3,9.252567211320327,29.10946579233243,-35.40365757402156,9.161661753736924,11.042527834323286
