scenario,agent,num_runs,guard_delta,safety_margin,avg_constraint_violation_mean,avg_constraint_violation_std,avg_fatigue_mean,avg_fatigue_std,fatigue_overload_rate_mean,fatigue_overload_rate_std,feasible_rate_mean,feasible_rate_std,guard_replacement_rate_mean,guard_replacement_rate_std,proposed_step_cap_violation_rate_mean,proposed_step_cap_violation_rate_std,time_to_mastery_mean,time_to_mastery_std
shared_default,PianoMPC,5,0.08,0.05,0.002135997314967998,0.0030401568008375617,0.49350106136034233,0.03050208743925986,0.07417341124963629,0.0786979418557288,0.9258265887503637,0.07869794185572884,0.0,0.0,0.17693499959183567,0.04878175070695844,28.53333333333333,4.2254688371995295
shared_default,BayesianMAB,5,0.08,0.05,0.0037082714708149126,0.005357801915725659,0.43505581479184513,0.12451499078772872,0.06345039126633623,0.06308710118919826,0.9365496087336638,0.0630871011891982,0.15843258525181322,0.04294880918459637,0.2590580859037712,0.06513323748794184,34.46666666666667,8.37759867398886
shared_default,CCB-DF,5,0.08,0.05,0.002231625300426821,0.0022836281519689823,0.47677264135100134,0.08542770943293682,0.05665987075351917,0.05885728781663059,0.9433401292464808,0.05885728781663078,0.2902137266538621,0.007942675634054734,0.36041426706441665,0.06451109609170204,49.46666666666666,31.458770557504554
shared_default,LinUCB,5,0.08,0.05,0.0006314679675312289,0.0005085625073937502,0.5119707006876751,0.10386109329260722,0.024797831812111554,0.009855825502492076,0.9752021681878884,0.00985582550249208,0.0,0.0,0.0,0.0,42.266666666666666,10.137392349326161
shared_default,Thompson,5,0.08,0.05,0.005510792903117762,0.0019689834864339397,0.49299708056387037,0.06593978623016675,0.09862720500418683,0.04049372565145812,0.9013727949958131,0.0404937256514583,0.24088403815425316,0.022741096318121982,0.38073454163764725,0.047567343835030314,45.866666666666674,17.083451948511364
shared_default,Safe-AC,5,0.08,0.05,0.0036829420493239926,0.0033917336671172747,0.4638949360558054,0.12413568380096522,0.07584027636483581,0.06103178081460759,0.9241597236351642,0.061031780814607674,0.19026631129103658,0.03165650666940138,0.30100535909875725,0.06451742841387079,44.53333333333333,11.22361165963686
strict_margin_008,PianoMPC,5,0.08,0.08,0.002055689646876777,0.0013527775737580076,0.4797574367956681,0.035815950045143735,0.07094327623320572,0.01423044802386893,0.9290567237667943,0.014230448023868905,0.018590662660091364,0.022555085872773394,0.26406984353990054,0.1071486201618612,27.133333333333336,4.0158092143830695
strict_margin_008,BayesianMAB,5,0.08,0.08,0.004690816785561346,0.0027565468608815175,0.43963459063310745,0.2301680779227548,0.09816015127680773,0.07486087831628313,0.9018398487231923,0.07486087831628302,0.15079327565812778,0.058922003804496824,0.33736322279838477,0.19172040478534808,32.6,11.098286615911167
strict_margin_008,CCB-DF,5,0.08,0.08,0.004456046477489983,0.0028703021138922276,0.47015223585886073,0.10511383206082325,0.08420027851142402,0.037874663656559344,0.9157997214885759,0.0378746636565595,0.2916367316947812,0.008324021260516505,0.4328495679192274,0.05310460273297605,45.20000000000001,27.01207074242701
strict_margin_008,LinUCB,5,0.08,0.08,0.0001821337845022066,0.00018660510983168114,0.44845448542995797,0.08349676976910543,0.010972922683449,0.0036977432549117413,0.989027077316551,0.0036977432549117465,0.14719373108748798,0.0575773781740085,0.20779039505389832,0.04036757074705131,43.800000000000004,4.7394326898549295
strict_margin_008,Thompson,5,0.08,0.08,0.0060080238505935,0.005027454268038339,0.4928106982140495,0.12432043962739316,0.10642418868038062,0.08782485129021388,0.8935758113196193,0.0878248512902137,0.22802368119705582,0.042365258145666704,0.4157519706358716,0.1006193414030029,39.333333333333336,5.4726254785877035
strict_margin_008,Safe-AC,5,0.08,0.08,0.003678533420276693,0.00301833880768385,0.45585537924140257,0.11938771721287836,0.07926592899505994,0.05056383862265643,0.9207340710049401,0.050563838622656364,0.19459196469805048,0.007410983748780804,0.350553605190633,0.06442644358832177,41.800000000000004,8.489792765126525
strict_margin_010,PianoMPC,5,0.08,0.1,0.0020913880616639153,0.0032081393688627603,0.48022692264880223,0.01768604080257013,0.07206461564339077,0.06009633112950477,0.927935384356609,0.06009633112950461,0.013119658119658118,0.007738552690835657,0.2919222178268462,0.11248658764594778,24.266666666666666,6.290969424128159
strict_margin_010,BayesianMAB,5,0.08,0.1,0.0037177308849465737,0.0021710131042823274,0.45481751911701035,0.15292540017264053,0.08846361735577422,0.03465453090074065,0.9115363826442259,0.03465453090074056,0.1750445805961802,0.05976695423657044,0.3748818591873287,0.1729008041645367,29.066666666666666,3.035666426839787
strict_margin_010,CCB-DF,5,0.08,0.1,0.004626871720618844,0.0013510530767425325,0.47088783370424325,0.09768899174080577,0.09429056112377508,0.007663578195746546,0.9057094388762249,0.0076635781957464484,0.29184658565094784,0.03109769328624173,0.47704991852093226,0.045890436985490064,47.4,0.9936550846878147
strict_margin_010,LinUCB,5,0.08,0.1,0.00016919470324361615,0.00027169934154868547,0.4312475810237872,0.11027402928236939,0.00691374145178493,0.009068615241477678,0.9930862585482151,0.009068615241477508,0.16319042408798856,0.008805623280789156,0.2555105744528899,0.024013631653460453,47.800000000000004,14.629019280966888
strict_margin_010,Thompson,5,0.08,0.1,0.003344265229034906,0.0048117441161082295,0.4578250245880035,0.15909305128580137,0.06618081183383613,0.0841733889557098,0.9338191881661638,0.08417338895570978,0.22507951138265014,0.008643423776244967,0.4075574092545788,0.1572876309878434,37.2,12.773396498802274
strict_margin_010,Safe-AC,5,0.08,0.1,0.004234167419404454,0.0030401749278789127,0.4556876223058159,0.13439646405740413,0.08858830516588816,0.03853205897649086,0.9114116948341119,0.038532058976490854,0.20845481264069465,0.010967270101894924,0.39136808583238186,0.08912806539334983,40.06666666666667,4.1666427349223705
strict_delta005_margin008,PianoMPC,5,0.05,0.08,0.0031529725583059227,0.0015616192364367944,0.48274463030615894,0.041035398860197525,0.09485896939555477,0.03613121949502501,0.9051410306044453,0.036131219495025096,0.018179956749062438,0.008566671635813686,0.24937397621950466,0.06318891096056557,25.46666666666667,9.76532618191691
strict_delta005_margin008,BayesianMAB,5,0.05,0.08,0.00197604072490332,0.0015698163810112262,0.4213172758799449,0.1537501396274825,0.05467549561040421,0.031702633752294714,0.9453245043895958,0.031702633752294616,0.14277019434253638,0.04503142102744943,0.2798374778252853,0.10463885252890545,30.933333333333337,13.232163180893846
strict_delta005_margin008,CCB-DF,5,0.05,0.08,0.0018430230978247752,0.00013786021588512812,0.4501931177005461,0.10457477523093613,0.049452332239425016,0.023803934820112612,0.950547667760575,0.023803934820112643,0.2923729180381718,0.02522404508686884,0.3931701755515415,0.034498844894085896,45.73333333333333,17.749565220569682
strict_delta005_margin008,LinUCB,5,0.05,0.08,0.00011372193925674411,0.0002571462022899218,0.4498809632695057,0.10660435482896372,0.005051877004338804,0.015329581164937165,0.9949481229956613,0.01532958116493711,0.13878748259546972,0.025368718064574594,0.20875135405751855,0.042950560121566235,45.73333333333333,17.15554448408478
strict_delta005_margin008,Thompson,5,0.05,0.08,0.0021872212840429203,0.004165325623524614,0.45903955199877416,0.056382895411604045,0.05762096572028264,0.07470160282024779,0.9423790342797173,0.07470160282024783,0.24888431177698744,0.0025232332329332774,0.37185364952263256,0.11841889548318241,46.199999999999996,10.33831145584397
strict_delta005_margin008,Safe-AC,5,0.05,0.08,0.0020922998663330714,0.0001468620240929518,0.4511522382957968,0.10004721755457174,0.047892500486540784,0.032405505471215616,0.9521074995134592,0.032405505471215665,0.197012666926768,0.06427728974419344,0.32062046003362044,0.01453430176988345,44.4,14.96267721352567
strict_delta005_margin010,PianoMPC,5,0.05,0.1,0.0018164611079379675,0.0014097270819067962,0.48823829870135044,0.055350824618778785,0.06629687118319118,0.05734083133929346,0.9337031288168088,0.057340831339293574,0.00883050538222952,0.024305071581008707,0.31706019980177635,0.04894459474177224,27.066666666666666,2.7363127392938535
strict_delta005_margin010,BayesianMAB,5,0.05,0.1,0.0011967263699151362,0.001254958708407985,0.4046111545333531,0.13777875522680713,0.04422810127850977,0.038543707241010396,0.9557718987214902,0.03854370724101037,0.14514142682103465,0.04777986256302996,0.2855402162431643,0.046018036373871314,33.199999999999996,15.036729958925374
strict_delta005_margin010,CCB-DF,5,0.05,0.1,0.0032881742513092894,0.0016341475103597504,0.4605985058989129,0.11693623259790613,0.07528422382399365,0.03674857613098274,0.9247157761760062,0.03674857613098281,0.29454743637494035,0.008347570869259552,0.44830897278719095,0.010114003763324558,46.46666666666667,12.213606909037821
strict_delta005_margin010,LinUCB,5,0.05,0.1,0.00012119182832825944,3.1017048001710494e-05,0.42765173000819195,0.1400069435703051,0.006270198234216225,0.007251610783000025,0.9937298017657836,0.0072516107829998806,0.16819969341434624,0.059916944393869846,0.25838966411374037,0.0298738888139235,47.53333333333333,16.821360724720325
strict_delta005_margin010,Thompson,5,0.05,0.1,0.002569798018888575,0.0036607597992016905,0.45945261132093823,0.07852555318135444,0.0582530710317088,0.06644582373206322,0.9417469289682913,0.06644582373206342,0.23835218140237777,0.01625984325558259,0.3947791058047419,0.11662969137261259,42.4,7.886892729176378
strict_delta005_margin010,Safe-AC,5,0.05,0.1,0.0019835178365271116,0.0014166113547881118,0.4479431407653369,0.12922382454215586,0.05308735656266376,0.025587762884791643,0.9469126434373362,0.025587762884791775,0.19617285835516785,0.023628207575314895,0.3526787060715388,0.05721446770324091,41.4,6.57241060764698
relaxed_delta010_margin008,PianoMPC,5,0.1,0.08,0.001811750740036041,0.0032111867504690207,0.47161723202779665,0.06679808012954126,0.0698496414453699,0.055256731384544434,0.9301503585546301,0.05525673138454425,0.030398635555195435,0.021874297664720137,0.233081009457249,0.07653621077223594,25.0,5.7296947308375845
relaxed_delta010_margin008,BayesianMAB,5,0.1,0.08,0.004130157882465774,0.00036545309919422376,0.4151257442356014,0.03804747348212607,0.07894370240377499,0.028205759210387867,0.921056297596225,0.028205759210387735,0.14696379674160331,0.06712202374314319,0.2974073538346289,0.1321886819842645,34.0,7.760694303146035
relaxed_delta010_margin008,CCB-DF,5,0.1,0.08,0.007289873512815873,0.0026484675456353865,0.48583216768663967,0.12129162941504829,0.11490716768779548,0.011715748604370335,0.8850928323122046,0.011715748604370507,0.29222087089398197,0.029395533395248703,0.4492015785386945,0.07922986528730283,44.26666666666667,7.2396030174694515
relaxed_delta010_margin008,LinUCB,5,0.1,0.08,5.881199897799547e-05,6.567546753403667e-05,0.44297048608214434,0.10217262097278848,0.009215611127079939,0.015494302010027444,0.9907843888729202,0.015494302010027543,0.15206700451396,0.03756265455640943,0.21674960193061207,0.048777440048252546,44.6,9.478865379709845
relaxed_delta010_margin008,Thompson,5,0.1,0.08,0.008240893424827889,0.007717101468751248,0.49913518833843873,0.155440331360425,0.13303368533220902,0.10969757792128244,0.866966314667791,0.1096975779212825,0.2428966858365358,0.014478914901347444,0.45545399357059174,0.10829055229179885,41.86666666666667,9.689198614861965
relaxed_delta010_margin008,Safe-AC,5,0.1,0.08,0.0092315652814561,0.008115085366177884,0.4973676344203745,0.09463567825138143,0.141496341819977,0.07986933575397225,0.858503658180023,0.07986933575397218,0.1966732946759099,0.029567105669715026,0.4419777730003294,0.06748094841726476,41.06666666666667,11.927310708504855
