scenario,agent,num_runs,avg_constraint_violation_mean,avg_constraint_violation_std,avg_fatigue_mean,avg_fatigue_std,fatigue_overload_rate_mean,fatigue_overload_rate_std,feasible_rate_mean,feasible_rate_std,time_to_mastery_mean,time_to_mastery_std
obs_noise_x1.5,PianoMPC,5,0.0033700398179425696,0.002833759629192553,0.49603965110512765,0.029689448740898662,0.09071673253632762,0.06570947551282429,0.9092832674636724,0.06570947551282415,27.333333333333332,8.077586731554803
obs_noise_x1.5,BayesianMAB,5,0.006491700217957156,0.004802907521086051,0.48949950067502207,0.15821722927788542,0.11432443454104257,0.0532276538072587,0.8856755654589574,0.053227653807258433,40.6,11.641041454719046
obs_noise_x1.5,CCB-DF,5,0.0044471374699349316,0.0052919788798748675,0.48696764617552296,0.08598971850939832,0.08003444632805792,0.09216328898251586,0.9199655536719421,0.09216328898251597,48.199999999999996,8.705121785320816
obs_noise_x1.5,LinUCB,5,0.0021574645583325924,0.0022465286560913846,0.5082081787338049,0.11203716575500633,0.0568437401907545,0.011847653805355083,0.9431562598092454,0.011847653805354892,54.6,13.7774496788562
obs_noise_x1.5,Thompson,5,0.003969269552702712,0.004193518748832514,0.4816370966248071,0.12368462887827142,0.07189779689281099,0.0318343604371683,0.9281022031071889,0.03183436043716842,48.93333333333334,8.494637155115688
obs_noise_x2,PianoMPC,5,0.0031571708003218708,0.0038383499768033886,0.4820186644069571,0.039391391153744085,0.0762449987287287,0.07707489979554343,0.9237550012712713,0.07707489979554344,32.06666666666666,10.624832493939262
obs_noise_x2,BayesianMAB,5,0.003152493445499656,0.00247562763123113,0.46400316238916334,0.09231199191553706,0.07027675408328565,0.005914028614126104,0.9297232459167143,0.005914028614126082,48.73333333333333,18.64482849534995
obs_noise_x2,CCB-DF,5,0.005319028080630664,0.004211018623172388,0.4737428640675903,0.12812889883958783,0.07809764570621235,0.027745703982145195,0.9219023542937874,0.02774570398214495,59.333333333333336,10.624832493939264
obs_noise_x2,LinUCB,5,0.0025646835164906184,0.002928866464322267,0.48192530286528895,0.07588692047728869,0.05184112344367894,0.03810029276447958,0.9481588765563211,0.03810029276447963,63.86666666666667,23.75611602133355
obs_noise_x2,Thompson,5,0.0045591308544999974,0.003470557253109186,0.4717619733072764,0.15319156234510442,0.07676520982013464,0.03895246197729984,0.9232347901798653,0.0389524619772997,48.46666666666667,11.001486560901975
obs_noise_x3,PianoMPC,5,0.0021259068731846985,0.0010525093994142361,0.4688276029757091,0.09058028983247758,0.05305406771771206,0.023655062129309838,0.9469459322822878,0.02365506212930987,64.46666666666665,38.4338199829513
obs_noise_x3,BayesianMAB,5,0.004290744097197433,0.001981547796342509,0.4625184032667515,0.14016948041923646,0.07408882512009317,0.05581058272203408,0.9259111748799068,0.055810582722033944,66.26666666666667,46.163094989163355
obs_noise_x3,CCB-DF,5,0.004997216510344542,0.003413645844382961,0.4540027119841937,0.11430837646592827,0.07893233661332366,0.025679622611862046,0.9210676633866762,0.025679622611861876,67.86666666666666,14.741077749404457
obs_noise_x3,LinUCB,5,0.0052384310821978275,0.004595137658473997,0.4848209725913772,0.12378951410922408,0.09050711493468823,0.030073461035458524,0.9094928850653119,0.030073461035458375,75.66666666666667,25.53390684647063
obs_noise_x3,Thompson,5,0.004267106618787987,0.0034060507220807445,0.45988950941166484,0.13317101032593362,0.0641354265139817,0.007926147269189616,0.9358645734860183,0.007926147269189623,67.0,10.574376383251366
obs_noise_x4,PianoMPC,5,0.00291740959027219,0.00254017222370383,0.44602577757479117,0.07976256317586618,0.06125234151742381,0.05132314333185829,0.9387476584825762,0.0513231433318583,85.46666666666665,95.10755165359994
obs_noise_x4,BayesianMAB,5,0.005633822965758765,0.005145848910228414,0.4383449161953199,0.16694893188085483,0.07509755087552268,0.058638068350071106,0.9249024491244772,0.05863806835007122,114.73333333333333,49.63387548217986
obs_noise_x4,CCB-DF,5,0.005427072040142262,0.0012155523556466696,0.4380505768152974,0.10221130816390743,0.0771586198298752,0.02719054699651533,0.9228413801701247,0.027190546996515474,99.53333333333335,75.93718201508857
obs_noise_x4,LinUCB,5,0.004123430763839319,0.0008427978521939388,0.4407825334754561,0.13705979073718305,0.06767213775167166,0.018219450536835404,0.9323278622483283,0.018219450536835487,101.06666666666666,48.86200581716265
obs_noise_x4,Thompson,5,0.0046277866244363065,0.0030837359990179176,0.43842461504213937,0.12540704179947842,0.06210042153813449,0.04028689977738398,0.9378995784618654,0.04028689977738413,87.73333333333333,61.14478450589229
transfer_x0.6,PianoMPC,5,0.003544160816322661,0.00221905417849669,0.5345793026018106,0.09122357818371171,0.10673686172371714,0.04869105253127675,0.8932631382762829,0.04869105253127686,44.13333333333333,4.616309498916336
transfer_x0.6,BayesianMAB,5,0.003782172941634579,0.002256035308864112,0.427910303335507,0.25583814159937507,0.07562545843910934,0.045337270677343285,0.9243745415608906,0.04533727067734311,59.93333333333334,14.915862796279956
transfer_x0.6,CCB-DF,5,0.0030111042051180373,0.0011352739609471216,0.47416327311847617,0.0803714320779943,0.06544789135991663,0.029746876769432468,0.9345521086400833,0.02974687676943242,79.33333333333333,15.12130626395205
transfer_x0.6,LinUCB,5,0.0005195615711264184,0.00019389750799601226,0.5110967054394949,0.11179866540545187,0.027223095159387534,0.018821408182491638,0.9727769048406124,0.01882140818249152,78.06666666666666,14.824565736718972
transfer_x0.6,Thompson,5,0.004922288645734582,0.0006597351931107896,0.505031790062687,0.1117130223912182,0.09618930603951208,0.022682291582086386,0.9038106939604879,0.02268229158208646,72.66666666666667,12.824824573928813
transfer_x0.7,PianoMPC,5,0.003763993329726928,0.0034859870086570957,0.5281095767490145,0.04939826822492265,0.10870395180368507,0.07069143979292965,0.891296048196315,0.07069143979292977,38.199999999999996,8.489792765126525
transfer_x0.7,BayesianMAB,5,0.004391325677377471,0.0035876127315837524,0.4395672358044323,0.2008042260520129,0.08446612566538166,0.06963809326412117,0.9155338743346183,0.06963809326412124,47.800000000000004,9.465836005331514
transfer_x0.7,CCB-DF,5,0.004368853031501151,0.0034248648207069877,0.4793796307332265,0.13894609559568005,0.07935297070794124,0.05070094676455731,0.9206470292920589,0.0507009467645574,72.53333333333335,13.563786207830626
transfer_x0.7,LinUCB,5,0.000627368735600801,0.00025291605969959857,0.5053500071625573,0.12851906182864134,0.02425622617566109,0.012645746706057871,0.975743773824339,0.012645746706057913,64.73333333333333,15.21082235789315
transfer_x0.7,Thompson,5,0.004785005838842592,0.0021522912994175318,0.493071334844017,0.13211955252251936,0.0933949271090404,0.04525238970372168,0.9066050728909595,0.045252389703721876,53.46666666666667,17.355810541046292
transfer_x0.8,PianoMPC,5,0.0036643214214068472,0.0019454858677305465,0.5120378687622679,0.06007723777716967,0.1018378865968999,0.00926598071712977,0.8981621134031,0.009265980717129812,31.933333333333337,9.509197826452143
transfer_x0.8,BayesianMAB,5,0.004644164393689142,0.0024834069724959432,0.43366697011441707,0.07961645995660126,0.08824475284195755,0.031480068724542835,0.9117552471580425,0.0314800687245426,46.333333333333336,8.077586731554804
transfer_x0.8,CCB-DF,5,0.003619606724343662,0.002946670216830865,0.4882529713261543,0.14861616060894475,0.07779393170482123,0.045283512936048,0.9222060682951788,0.04528351293604796,57.199999999999996,18.87290827238448
transfer_x0.8,LinUCB,5,0.0007627877370150507,0.00012112417647652305,0.5146754702630884,0.11855932792494175,0.03365469506622728,0.023104907371453227,0.9663453049337729,0.023104907371453133,52.53333333333333,18.966409052737333
transfer_x0.8,Thompson,5,0.004438671611975379,0.004729608781409549,0.49318444979706405,0.11586978658242494,0.09122200912142737,0.05601051786698499,0.9087779908785727,0.056010517866984987,54.199999999999996,13.93776153391863
transfer_x0.9,PianoMPC,5,0.0032060802983484224,0.0024350440457211373,0.5085811703280195,0.040466833699249236,0.09598253381857169,0.020103010776282976,0.9040174661814283,0.020103010776282973,29.066666666666666,3.4896019740108026
transfer_x0.9,BayesianMAB,5,0.0024017702907712236,0.0015574628027935323,0.4045114974266508,0.16306447433480625,0.054603388714829865,0.03644779506588896,0.94539661128517,0.03644779506588887,41.53333333333333,3.5941389452154766
transfer_x0.9,CCB-DF,5,0.003606772699459872,0.0004872928072920298,0.47869532723607616,0.09865447396963542,0.0707659621615657,0.01972045775944,0.9292340378384343,0.019720457759439893,50.06666666666666,20.486732555871576
transfer_x0.9,LinUCB,5,0.0010638132208764775,0.00128400436723772,0.5119309614026403,0.12042537868597801,0.03773394735855916,0.043856912927699894,0.9622660526414409,0.04385691292769968,55.53333333333333,8.273832019965095
transfer_x0.9,Thompson,5,0.0043716077396754845,0.0018551169657661669,0.49098574790600846,0.126030037258185,0.08814436139732638,0.033567960847803585,0.9118556386026736,0.03356796084780349,47.73333333333333,9.74001643867036
transfer_x1.1,PianoMPC,5,0.002379919897036629,0.0012700058729749207,0.48659372344919266,0.04757667123839408,0.09091977689231695,0.02103820815378648,0.909080223107683,0.021038208153786465,22.400000000000002,2.1656210494447725
transfer_x1.1,BayesianMAB,5,0.0033531258306693248,0.0030327738436869795,0.4130887242514531,0.09437586499708053,0.06360281920849574,0.04090234865714704,0.9363971807915042,0.040902348657146974,32.666666666666664,12.03034150826691
transfer_x1.1,CCB-DF,5,0.0036409127345674477,0.00259716957198178,0.4857182268850994,0.12591329786614544,0.08159770393672432,0.03428972308366909,0.9184022960632757,0.03428972308366932,47.666666666666664,8.046970373508728
transfer_x1.1,LinUCB,5,0.0006496132340785375,0.00040744724757085186,0.509475109613685,0.09590341969121374,0.0350293724082582,0.02579261685967289,0.9649706275917419,0.025792616859672882,40.0,16.7821842855669
transfer_x1.1,Thompson,5,0.0053094564313735685,0.0018687465950144623,0.48349174634099584,0.10082985208043796,0.0920618610220917,0.028373214843806407,0.9079381389779083,0.028373214843806376,35.800000000000004,20.345679311745947
transfer_x1.2,PianoMPC,5,0.002327004851929947,0.0033425534099160888,0.4785340641110423,0.04712576087646575,0.08129392330685802,0.07084454901714274,0.9187060766931419,0.07084454901714278,22.066666666666666,7.049584255500919
transfer_x1.2,BayesianMAB,5,0.0036425321411190266,0.003731533576575353,0.4134733302198634,0.0345010881437883,0.08369636356451772,0.07722680475485395,0.9163036364354822,0.07722680475485395,28.53333333333333,9.54805509635845
transfer_x1.2,CCB-DF,5,0.002528544598684587,0.0006365860480959413,0.46872798055516784,0.11073375893640747,0.055308834591117406,0.02310384397591809,0.9446911654088826,0.023103843975918047,39.53333333333333,10.728867786758814
transfer_x1.2,LinUCB,5,0.0007028069705927553,0.0016557434868643898,0.5036773217162016,0.09470410905434541,0.02782976692963113,0.042536539000035026,0.9721702330703689,0.042536539000035276,41.4,19.452558990340375
transfer_x1.2,Thompson,5,0.003722992236132219,0.0007935757767935118,0.47587041313516276,0.1333941033026558,0.07160662371005343,0.03731173290549914,0.9283933762899466,0.03731173290549917,31.666666666666668,5.822287466124559
transfer_x1.4,PianoMPC,5,0.0016280051677035128,0.0025625875349440043,0.44421401848899933,0.0682010544030038,0.05666471917755614,0.10920867922610902,0.9433352808224438,0.10920867922610893,18.53333333333333,8.94749483462715
transfer_x1.4,BayesianMAB,5,0.0012049460835816107,0.0013092348451940853,0.3913722485772945,0.1553444489924516,0.03711731393563852,0.02056858387784993,0.9628826860643617,0.020568583877849694,21.733333333333334,6.781893103915312
transfer_x1.4,CCB-DF,5,0.0035401932427625567,0.0030694831471480143,0.48083608528299554,0.13548812656662979,0.07491535213644747,0.01633327224144558,0.9250846478635526,0.016333272241445495,34.13333333333333,3.308040795223458
transfer_x1.4,LinUCB,5,0.00047050482884339654,7.145909994296289e-05,0.5012763953943389,0.07765666721785272,0.03443550159953357,0.04910679843480767,0.9655644984004664,0.049106798434807676,30.333333333333332,4.046425738000817
transfer_x1.4,Thompson,5,0.004000682728177118,0.00408934306750368,0.4831436336794144,0.06769778688714252,0.07790324314489762,0.03443377051169025,0.9220967568551025,0.03443377051169027,31.600000000000005,7.995682595585925
obs_x2_transfer_x0.8,PianoMPC,5,0.002997713734093813,0.0013292961594183112,0.5052013403547471,0.07609086868268228,0.0823358717342335,0.013899995892365742,0.9176641282657664,0.013899995892365763,43.6,19.344400015418863
obs_x2_transfer_x0.8,BayesianMAB,5,0.005139171289880273,0.006231312896212366,0.4629444737997989,0.1665262829903961,0.08206001291759805,0.056031845120724816,0.9179399870824018,0.05603184512072467,53.73333333333334,13.185444793849216
obs_x2_transfer_x0.8,CCB-DF,5,0.004350046360957842,0.0019593829455108493,0.46873203467660063,0.1437928983263799,0.08431839469087876,0.016633425257820567,0.9156816053091212,0.01663342525782048,67.93333333333334,12.689381342540228
obs_x2_transfer_x0.8,LinUCB,5,0.0013564551515538273,0.0006938875818664726,0.48558055658274424,0.1167779434356698,0.0455543423352168,0.026106882270599485,0.9544456576647832,0.02610688227059915,74.33333333333333,10.797667786459241
obs_x2_transfer_x0.8,Thompson,5,0.004749372878646235,0.002196485996006103,0.4813440761761489,0.0899742617180626,0.08094942393312306,0.010034826139400016,0.9190505760668769,0.010034826139399626,64.26666666666667,23.10292590067232
obs_x2_transfer_x1.2,PianoMPC,5,0.002060437871796275,0.002038013778180865,0.45718133266368216,0.05587921902328159,0.048512385355581666,0.044356082918270104,0.9514876146444183,0.044356082918269854,24.133333333333336,2.2403194725098796
obs_x2_transfer_x1.2,BayesianMAB,5,0.004745829393275451,0.002924144750440774,0.462450481880679,0.12659862719554077,0.08445054805920187,0.048770193317550954,0.9155494519407981,0.04877019331755082,34.800000000000004,19.704708968820935
obs_x2_transfer_x1.2,CCB-DF,5,0.005380359500975852,0.007735869487014172,0.4862725574607282,0.1141017702585836,0.08988715469169985,0.03869898199533005,0.9101128453083002,0.03869898199532999,48.800000000000004,11.683372654238728
obs_x2_transfer_x1.2,LinUCB,5,0.0026683066665729098,0.0024056946757815647,0.49901906292609577,0.10398864091417544,0.06987337484363036,0.03707730319823955,0.9301266251563697,0.03707730319823944,40.2,16.289580330501167
obs_x2_transfer_x1.2,Thompson,5,0.005153959554259734,0.004927875058043863,0.4916233787629743,0.14426921729284323,0.09380938400286698,0.03634094956730185,0.906190615997133,0.036340949567301946,47.73333333333334,18.148378624975933
obs_x3_transfer_x0.8,PianoMPC,5,0.002183015299137649,0.003347223057828159,0.4750180487202069,0.14136937110916706,0.05299794510797378,0.042555274542150884,0.9470020548920263,0.042555274542150814,63.199999999999996,34.667741600261756
obs_x3_transfer_x0.8,BayesianMAB,5,0.005915125502046515,0.003213583108827945,0.4591473450022267,0.14275333663616166,0.08548255745225504,0.02789888236432006,0.9145174425477451,0.027898882364320032,85.26666666666667,20.1220265978832
obs_x3_transfer_x0.8,CCB-DF,5,0.005405140103410204,0.002664830252832152,0.45298651217559976,0.15831059966848637,0.07917041030253763,0.05049473654607716,0.9208295896974624,0.050494736546077494,91.0,57.462567525170904
obs_x3_transfer_x0.8,LinUCB,5,0.004346905027785179,0.00419453878279897,0.46801471473422646,0.08537472895028257,0.07738910506257089,0.044265732621598525,0.9226108949374291,0.044265732621598324,79.2,34.273899266220866
obs_x3_transfer_x0.8,Thompson,5,0.004010132358548866,0.004848635037267502,0.4655789628693647,0.12615275019572092,0.07134723532238603,0.07428154292100998,0.928652764677614,0.07428154292101,91.06666666666668,24.106804136666504
obs_x3_transfer_x1.2,PianoMPC,5,0.0022202363235892873,0.0035598825093605645,0.47043862274883025,0.08597709709181674,0.04939511710458625,0.05679177749541156,0.9506048828954138,0.05679177749541144,46.866666666666674,21.278685347812907
obs_x3_transfer_x1.2,BayesianMAB,5,0.0027194162001170073,0.00345330565944169,0.4342024071063171,0.13834341182417786,0.057469900618058796,0.04843746595716279,0.9425300993819411,0.0484374659571627,64.39999999999999,39.381222476229
obs_x3_transfer_x1.2,CCB-DF,5,0.003926422391951967,0.002549405529911036,0.44620856525205865,0.12432652052378439,0.06667100722398343,0.024644119703008914,0.9333289927760166,0.024644119703008723,63.333333333333336,7.239603017469459
obs_x3_transfer_x1.2,LinUCB,5,0.004016587333718002,0.003520120971458408,0.4671055723873084,0.15720019801838575,0.06993122311459511,0.04384480813331799,0.9300687768854049,0.043844808133317995,75.53333333333335,28.18082433817678
obs_x3_transfer_x1.2,Thompson,5,0.00483969391010703,0.0015816148721461633,0.46586787288766884,0.1426946679636339,0.08162473399866321,0.05375425988908833,0.9183752660013368,0.053754259889088496,55.800000000000004,28.52759347935641
