scenario,agent,profile,num_runs,avg_async_mean,avg_async_std,avg_constraint_violation_mean,avg_constraint_violation_std,avg_dom_gap_mean,avg_dom_gap_std,avg_fatigue_mean,avg_fatigue_std,avg_fid_mean,avg_fid_std,avg_reward_raw_mean,avg_reward_raw_std,fatigue_overload_rate_mean,fatigue_overload_rate_std,feasible_rate_mean,feasible_rate_std,independence_gain_mean,independence_gain_std,mastered_mean,mastered_std,mastery_rate,regret_mean,regret_std,retention_delta_mean,retention_delta_std,sample_efficiency_mean,sample_efficiency_std,skill_improvement_mean,skill_improvement_std,steps_mean,steps_std,time_to_mastery_mean,time_to_mastery_std,total_reward_mean,total_reward_raw_mean,total_reward_raw_std,total_reward_std
obs_noise_x3,PianoMPC,balanced,10,34.841923892601145,4.71731624337242,0.001229007645649888,0.001443452068000708,19.872167774852905,2.691897774684423,0.4966245380284177,0.027410498687128203,0.6792293211846615,0.0429989637849402,-1.4096618172960904,0.09458961895499517,0.03626638117412195,0.034501018970183935,0.963733618825878,0.03450101897018394,23.392551261326346,4.6728304520264325,1.0,0.0,1.0,-20.251937945874307,13.128247923997398,0.514294483189683,0.0745547510592013,59.4,34.687749999099104,0.5214175282868829,0.052707225793193535,59.4,34.687749999099104,59.4,34.687749999099104,20.251937945874307,-81.46966111449524,44.15516903987559,13.128247923997398
obs_noise_x3,PianoMPC,mild_left_weak,10,35.39261893945515,4.000324967007596,0.0019231978015564455,0.001802702462145399,20.085771676825885,2.2342269859382307,0.46648926206831376,0.028743750348848355,0.676843997380335,0.034263410132130176,-1.4377336525672622,0.09293302817951683,0.04916539024272232,0.03507324585892834,0.9508346097572776,0.03507324585892834,20.98778960359463,4.289302778192988,1.0,0.0,1.0,-21.15368884453332,10.216020243276173,0.590729135505432,0.05398052594500356,60.4,19.355619339096332,0.5668741367998218,0.040075695815364486,60.4,19.355619339096332,60.4,19.355619339096332,21.15368884453332,-85.46691434397354,23.42735350649325,10.216020243276173
obs_noise_x3,PianoMPC,severe_left_weak,10,36.22081361103564,4.924162327314074,0.004108083715512915,0.0036886319782671647,19.0166582778174,1.0615077574838008,0.44015059032486575,0.023009318189659324,0.6548036606019433,0.04760620742871964,-1.4558371080106678,0.1129383244506874,0.06948162711882236,0.04653200380781492,0.9305183728811777,0.04653200380781493,25.328678026249335,8.195031666559657,1.0,0.0,1.0,-27.306009856055557,10.826130002448194,0.667450897981962,0.0893375175944287,60.4,26.639069052802878,0.6023306988229482,0.08004615149452883,60.4,26.639069052802878,60.4,26.639069052802878,27.306009856055557,-85.39986243941807,31.02893988078526,10.826130002448194
obs_noise_x3,BayesianMAB,balanced,10,28.4154128433246,1.830146907652513,0.004469887012684382,0.002997993825746251,20.007100402119537,1.9166921912912696,0.5174432067327626,0.03158055088073072,0.5936686795712651,0.017837245818719923,-1.4782163040056469,0.06495485243007214,0.07646720734906094,0.04170964233821255,0.9235327926509391,0.04170964233821254,28.001683745638626,5.725478491167175,1.0,0.0,1.0,-28.829140427036304,9.636626727504028,0.686156581332358,0.04841285838829182,51.5,9.394147114027968,0.7127030266445221,0.036589856790588786,51.5,9.394147114027968,51.5,9.394147114027968,28.829140427036304,-76.2170630098463,14.969062384632624,9.636626727504028
obs_noise_x3,BayesianMAB,mild_left_weak,10,26.34370196171303,7.6453378535284875,0.00696898660319442,0.003198040507994421,20.651568925906282,1.7491538224037075,0.4828984934576047,0.02824408764674069,0.6079302629341737,0.04816418099659669,-1.449399686057626,0.16228605296246548,0.10816561345064993,0.04382904936006569,0.8918343865493501,0.04382904936006568,26.976658944673336,6.414126128445429,1.0,0.0,1.0,-38.61912842414113,20.011072704903604,0.7776968864712246,0.08671743956577571,88.5,46.5966737010272,0.7553756265964912,0.05645615318509713,88.5,46.5966737010272,88.5,46.5966737010272,38.61912842414113,-121.51192757950415,52.01415791994263,20.011072704903604
obs_noise_x3,BayesianMAB,severe_left_weak,10,29.24810992475843,8.848623983377403,0.004997718410199149,0.0029966998799552174,20.44022228007752,1.7131292017094712,0.43700906934471406,0.020197825487362653,0.5744870382727122,0.053474292007493415,-1.5213585212713434,0.1824350984876639,0.09498499413721952,0.034879397829354473,0.9050150058627805,0.034879397829354473,28.252634370164856,4.527632019748728,1.0,0.0,1.0,-25.764180811472404,8.449765132074004,0.7715147531947398,0.13901939091932952,51.9,19.58800653461194,0.7793695799804141,0.06343995135849281,51.9,19.58800653461194,51.9,19.58800653461194,25.764180811472404,-76.52330705824605,23.162887662777663,8.449765132074004
obs_noise_x3,CCB-DF,balanced,10,27.94292418124443,4.828182367358539,0.005605351062579313,0.0035382935435545413,20.024595723615214,1.6702085668493587,0.5165617618515184,0.03026664565050693,0.5543208538767697,0.05009499752806997,-1.535447475171361,0.12134725709476331,0.08331376952386801,0.032334718616303784,0.9166862304761321,0.03233471861630377,27.951615599013525,5.41788761795077,1.0,0.0,1.0,-40.79797979140512,19.701992930173436,0.6958051585081092,0.08080511661867858,71.7,31.78065449294586,0.7051306919870878,0.044939528098849664,71.7,31.78065449294586,71.7,31.78065449294586,40.79797979140512,-106.82038066160422,37.24151846558197,19.701992930173436
obs_noise_x3,CCB-DF,mild_left_weak,10,26.953190957325866,3.9511877278647796,0.004792389940428002,0.003067171189684089,19.25229171790711,1.6206433415545085,0.4513436434116412,0.02881109943728529,0.5664035713160432,0.04132274752811258,-1.4935806793544768,0.0937002976637614,0.07594188118793435,0.030933518459533793,0.9240581188120656,0.030933518459533803,27.773804082034495,3.835959284786264,1.0,0.0,1.0,-47.949792800295576,13.984796177936,0.8008926059172443,0.06863667925245287,79.4,18.48891559827131,0.7660317120847371,0.037166944748343436,79.4,18.48891559827131,79.4,18.48891559827131,47.949792800295576,-117.17487221605374,21.683183603450303,13.984796177936
obs_noise_x3,CCB-DF,severe_left_weak,10,31.837580316709165,4.026299340028213,0.0032811124878513523,0.0018917650854512204,20.103835321609214,2.116141126970978,0.40213143032049936,0.017140954108752878,0.5350541789717063,0.05178796966665696,-1.6136000037513405,0.09781856614340043,0.06538611319692175,0.022777419040187163,0.9346138868030781,0.022777419040187177,27.6481306697405,5.724367215957496,1.0,0.0,1.0,-42.695993982550824,12.80052319493514,0.8258638382032638,0.08076014861236315,68.8,13.548431643551957,0.7752702841396707,0.06969919173639534,68.8,13.548431643551957,68.8,13.548431643551957,42.695993982550824,-109.93264576202674,17.53219539588646,12.80052319493514
obs_noise_x3,LinUCB,balanced,10,28.05187918848825,5.978905791555105,0.0036261537282516764,0.002656041520819322,19.314881305156714,1.5449751969142698,0.5181165146788347,0.024532149175648964,0.5702107516590769,0.04921344132708263,-1.492272769237462,0.140990782081829,0.06328187528390017,0.03274991868557803,0.9367181247160999,0.032749918685578035,26.32939630739113,6.443770840728136,1.0,0.0,1.0,-36.37307577173968,13.59508200266521,0.6988307261293524,0.08561272651777638,71.5,29.608275870100915,0.7032223806999608,0.047092126736941076,71.5,29.608275870100915,71.5,29.608275870100915,36.37307577173968,-103.32322847530308,33.80092409355333,13.59508200266521
obs_noise_x3,LinUCB,mild_left_weak,10,28.37943914463702,6.8230146997820205,0.0032284296946705456,0.0015339870683103586,19.50892714889612,1.3211702827963188,0.47012593058742336,0.023288583998878534,0.5723740366937793,0.05374460308516082,-1.5018701246306372,0.16090103046285745,0.0664511534553607,0.021898073518258038,0.9335488465446392,0.02189807351825804,29.407729257687198,4.675449460122176,1.0,0.0,1.0,-50.271582539589566,24.37372422020566,0.7817284877023043,0.08542850719755485,84.1,39.462513858090695,0.7642919780653703,0.03788651544725953,84.1,39.462513858090695,84.1,39.462513858090695,50.271582539589566,-120.93346324624561,46.68224060553531,24.37372422020566
obs_noise_x3,LinUCB,severe_left_weak,10,28.50992218412909,5.641178917390826,0.004673285451041385,0.002128249370664747,20.132991392578372,1.2695148947223143,0.4301906046577031,0.02706031438381233,0.5745031228918327,0.04410191859385704,-1.5136972281011583,0.13978814919733637,0.08627619463063604,0.03165873970362947,0.9137238053693639,0.03165873970362946,29.724556140655853,3.282722519931271,1.0,0.0,1.0,-53.39398559219826,17.724408663104963,0.8673641752894599,0.05258469764894001,85.3,25.636107348815653,0.7892829362564406,0.02620810000666359,85.3,25.636107348815653,85.3,25.636107348815653,53.39398559219826,-126.2350808158366,30.825986854610875,17.724408663104963
obs_noise_x3,Thompson,balanced,10,23.260239268888707,3.4141058850396058,0.006076080982244283,0.0051487839844086575,20.52979690530162,1.838640351307882,0.5184433097437818,0.04627601554995918,0.5968520869337487,0.03642409211598246,-1.4213251629117178,0.09987391136821702,0.0886371136119663,0.05720933388739386,0.9113628863880339,0.05720933388739386,23.805462488104222,6.848485360227045,1.0,0.0,1.0,-30.723346463753064,13.63489397934601,0.722640598941185,0.07947389931604222,66.6,24.94874746355015,0.7254537177036449,0.05484336168466762,66.6,24.94874746355015,66.6,24.94874746355015,30.723346463753064,-92.84097333833839,30.10778445646724,13.63489397934601
obs_noise_x3,Thompson,mild_left_weak,10,25.170244788313703,5.886249393141308,0.005660575865062945,0.004113654633463024,19.448522525790022,0.5309349640370068,0.46693493657292945,0.027544909122017614,0.6020880843834845,0.03473806429816491,-1.4198457868541623,0.12139855513902756,0.08509164080759066,0.04075716817925419,0.9149083591924094,0.040757168179254184,27.213450228797587,4.602139153753841,1.0,0.0,1.0,-44.53645643897231,12.962900664041559,0.8083977757275393,0.05198040852278514,81.7,29.529815441346734,0.7757955279213878,0.03901608910017033,81.7,29.529815441346734,81.7,29.529815441346734,44.53645643897231,-113.5874938307164,34.704184549305836,12.962900664041559
obs_noise_x3,Thompson,severe_left_weak,10,26.415215707533754,4.993774888089313,0.007944537813520993,0.0034496214133409157,20.220792069592243,1.6070053377474733,0.4359074242801847,0.02370724066389114,0.5879952637694232,0.0505359681048452,-1.4694405007057594,0.14027107099648814,0.10192050946602385,0.02859014174209503,0.8980794905339764,0.028590141742095017,28.540484146843493,4.682755345443255,1.0,0.0,1.0,-49.93852698457624,15.28036665820265,0.8700844395152052,0.08433261114177763,90.0,42.0880030412468,0.8188057116085702,0.06084054816889698,90.0,42.0880030412468,90.0,42.0880030412468,49.93852698457624,-127.63102385259779,49.79942522322371,15.28036665820265
obs_noise_x4,PianoMPC,balanced,10,33.44706211472491,3.645301665151222,0.0018512624337926552,0.002124945792052563,24.734822853528282,2.7979928126335,0.4729028285964015,0.046711923257096964,0.71460389242644,0.03465961137269397,-1.4446279976631764,0.06881483896359057,0.037818718859756593,0.03251646257428335,0.9621812811402435,0.03251646257428335,24.236883098938442,6.180936577042207,1.0,0.0,1.0,-21.83498720592227,10.280934149043054,0.5970107465037742,0.10147389870737612,88.2,39.04561435039792,0.5967504134207066,0.07080531585592456,88.2,39.04561435039792,88.2,39.04561435039792,21.83498720592227,-127.7923183554987,57.565512306589234,10.280934149043054
obs_noise_x4,PianoMPC,mild_left_weak,10,36.51906407835911,3.5161566262350377,0.0018893811037219762,0.0012857948422907506,24.588058077873153,1.7104501467803133,0.44486715611699673,0.038699421012052294,0.6960141514826906,0.034107234509949666,-1.5042017365947384,0.09402246404416077,0.04844800600477191,0.028127778295351746,0.951551993995228,0.028127778295351746,23.364397636589107,7.387112322408779,1.0,0.0,1.0,-19.454733981102194,11.547593697205848,0.6063492146242994,0.08579931370742752,80.0,31.524593573906706,0.5834197834044093,0.10309840708642092,80.0,31.524593573906706,80.0,31.524593573906706,19.454733981102194,-120.15279968992238,47.799351297836196,11.547593697205848
obs_noise_x4,PianoMPC,severe_left_weak,10,37.15377147635211,4.197035258848975,0.0027956561679964302,0.0015762532799476578,25.55527507277632,2.3540534815407557,0.39469757090846114,0.017209111860061806,0.668783082070436,0.04417311720668195,-1.5747688400282382,0.13039388776910027,0.051092060703285855,0.024886640163322912,0.9489079392967141,0.024886640163322937,20.58694888109086,5.756692386880795,1.0,0.0,1.0,-31.27899755632806,14.118212614115063,0.6450064243035996,0.07533071231416998,89.2,55.578413075581786,0.5757075386421829,0.06349179187935784,89.2,55.578413075581786,89.2,55.578413075581786,31.27899755632806,-136.24977144591827,77.5535650677365,14.118212614115063
obs_noise_x4,BayesianMAB,balanced,10,24.554312061518694,5.034051879705758,0.007195512928600774,0.004284730531465867,24.459438090760788,2.2423054883039493,0.5016170539115863,0.05038256991888164,0.6285876397666739,0.054768870305053244,-1.4637938057494724,0.11862931856432647,0.0866312777801179,0.0358651114396704,0.9133687222198821,0.03586511143967038,25.317582537464652,7.961018926259376,0.9,0.30000000000000004,0.9,-35.784500690096934,23.811837556586564,0.7081819418856892,0.10130901122724419,105.77777777777777,82.09314192194915,0.7153785052890218,0.05512286197226035,127.2,100.97306571556595,127.2,100.97306571556595,35.784500690096934,-179.17640911121822,135.45213011136656,23.811837556586564
obs_noise_x4,BayesianMAB,mild_left_weak,10,28.108251220025572,6.804254675472139,0.0049477232190424224,0.003429941380997838,24.5732744749206,2.1010195023904017,0.4402464293852983,0.03608748219543587,0.6175173422430513,0.05222267265697416,-1.5229216417272031,0.13886241438675048,0.06509566231868033,0.03696712873584849,0.9349043376813198,0.036967128735848474,24.48262305079979,7.586367476926788,1.0,0.0,1.0,-29.01463089066229,15.638355743892502,0.7543494566591427,0.06569398339252377,101.1,70.2857738094986,0.7345609637665469,0.04958494087326196,101.1,70.2857738094986,101.1,70.2857738094986,29.01463089066229,-147.1517045978967,90.3996691052022,15.638355743892502
obs_noise_x4,BayesianMAB,severe_left_weak,10,28.212117196541726,3.540858682474832,0.007260433379107392,0.004662701036304181,24.96627936162926,2.5503205547771155,0.4075361880301088,0.03748923435677843,0.60900129048823,0.04200918059872866,-1.5540181907803,0.09261580772820435,0.09199408447305508,0.0436956462081142,0.9080059155269449,0.043695646208114204,28.808691368101783,4.599314530925994,1.0,0.0,1.0,-38.94066151375889,12.323190905062663,0.8708602592295309,0.03800478223926089,87.4,29.193149881436227,0.8036386881416784,0.02852137587482565,87.4,29.193149881436227,87.4,29.193149881436227,38.94066151375889,-134.09631425559888,37.79525959889226,12.323190905062663
obs_noise_x4,CCB-DF,balanced,10,27.262879472635312,7.688227621086178,0.004908592313421218,0.0031380111975137376,25.25553188528852,2.203528078204861,0.48598106448949974,0.035804870375226124,0.5950912455879547,0.05759799453550233,-1.5650894877778811,0.1548229657484406,0.07078996184306104,0.03535480456351185,0.929210038156939,0.03535480456351187,29.773798461028758,2.858650168687757,0.9,0.30000000000000004,0.9,-49.57454440676919,18.40293140939305,0.7220542774620091,0.05137054886345459,101.55555555555556,45.225634596889385,0.717580956839684,0.04351012430586447,123.4,78.32904952825612,123.4,78.32904952825612,49.57454440676919,-184.4244152248158,102.1622576467757,18.40293140939305
obs_noise_x4,CCB-DF,mild_left_weak,10,27.5791803078448,5.617307586295316,0.005688784025159949,0.0027678699403547217,26.151967720584743,1.4589918476119046,0.4302119314572278,0.025481821714514147,0.5942214206207188,0.062193629053618374,-1.5825896230969507,0.1535611243635959,0.07514835067546635,0.023151946259222705,0.9248516493245337,0.023151946259222723,24.653144781633518,5.384121974881409,1.0,0.0,1.0,-60.652031167204804,26.89128888907607,0.8082276211665258,0.04739853945510755,132.2,76.84894273833571,0.7730731876430181,0.032137670915299905,132.2,76.84894273833571,132.2,76.84894273833571,60.652031167204804,-199.36330224797516,99.7772817976584,26.89128888907607
obs_noise_x4,CCB-DF,severe_left_weak,10,27.393874957141982,4.757845856582926,0.004918250769217156,0.002521792048689449,26.653666564249743,1.4413817534248052,0.3851486825011488,0.01996845117056806,0.595513037290253,0.04120498097402109,-1.594720792393092,0.10964470450468052,0.06962245785165769,0.021488829136494744,0.9303775421483422,0.021488829136494744,25.082641968277876,5.118161057758386,1.0,0.0,1.0,-66.27040726012206,17.196320604887863,0.892598130624177,0.01392683059845958,119.8,34.03468818720101,0.8220075652567983,0.028174796802234645,119.8,34.03468818720101,119.8,34.03468818720101,66.27040726012206,-187.96333361986228,41.95787534686486,17.196320604887863
obs_noise_x4,LinUCB,balanced,10,27.131192143808438,5.003642329971891,0.004590686511385809,0.004056820231173436,26.309494068288465,3.4242853439173255,0.49029236616489413,0.027002966159688876,0.6074668476156295,0.03096179474063859,-1.5604882100510307,0.12216047809944632,0.06415835322707952,0.04252217827947438,0.9358416467729205,0.04252217827947436,25.89379534040109,6.495289963305089,1.0,0.0,1.0,-44.0260020749267,18.692060827485502,0.7556279414599636,0.0149339913281671,97.9,40.06856623339548,0.7113969014590145,0.029137891180683707,97.9,40.06856623339548,97.9,40.06856623339548,44.0260020749267,-149.81949682926125,52.995339407925385,18.692060827485502
obs_noise_x4,LinUCB,mild_left_weak,10,28.60581115504891,5.217102625520426,0.00448662575915863,0.0033207418888772677,26.205438682666443,2.2708822545588165,0.45091568448162844,0.025248585934041497,0.5818512020294409,0.048110350293444286,-1.6199801640106777,0.13059097266209407,0.06481657985226122,0.02851101674638737,0.9351834201477388,0.02851101674638736,30.117794517596813,4.887650781829097,1.0,0.0,1.0,-55.18815709891497,22.163790151512718,0.7990447327636676,0.052768454700920876,102.2,52.41144913089124,0.755188066685088,0.04168586690403651,102.2,52.41144913089124,102.2,52.41144913089124,55.18815709891497,-161.1838297273642,70.50357917397328,22.163790151512718
obs_noise_x4,LinUCB,severe_left_weak,10,29.230027313927064,5.381046744405613,0.005072331900916953,0.0020179073485298874,26.151188811193048,2.1650858973556213,0.4054992604496097,0.012941616076768279,0.5850841407183529,0.050858067525228645,-1.6190355628942736,0.11825196429346371,0.07770192494771143,0.02367603096537491,0.9222980750522884,0.023676030965374902,26.917087349896526,5.532294359499874,1.0,0.0,1.0,-52.48317911104639,21.179167853275988,0.8625819129831152,0.06561904406954074,109.7,60.94760044497241,0.7996652775297295,0.039577240740758315,109.7,60.94760044497241,109.7,60.94760044497241,52.48317911104639,-171.85579835526192,83.552625598888,21.179167853275988
obs_noise_x4,Thompson,balanced,10,22.073830936808157,5.480086481780687,0.005964779101180412,0.0027333093683056353,26.389977091852973,2.1072484684004116,0.5129714511729817,0.023990092757826896,0.6336380756210629,0.04896080728595681,-1.46109833098522,0.13967831963961272,0.0814701350545667,0.024350036314044293,0.9185298649454333,0.024350036314044272,26.99761768843205,5.881519042028491,0.9,0.30000000000000004,0.9,-47.06937081304594,16.11810081881686,0.7448623134582346,0.07949150655442466,143.0,70.087247215326,0.7284163793509122,0.04583710094727137,160.7,85.09177398550344,160.7,85.09177398550344,47.06937081304594,-228.0959416031596,117.63670381762127,16.11810081881686
obs_noise_x4,Thompson,mild_left_weak,10,26.31598860236115,8.67532799712906,0.005851853573772285,0.0034497965144989536,26.108459677575638,0.6934761662312587,0.4553029454892604,0.042557393666267936,0.6199591865598331,0.045800971271210425,-1.528827494659722,0.1631680256087468,0.07586301318390459,0.0337288703985319,0.9241369868160954,0.03372887039853189,25.40164090175522,7.868501295795762,1.0,0.0,1.0,-46.19734448090582,14.64245271312375,0.7871537349619635,0.09728006087458273,109.8,47.57478323650041,0.7538581968371703,0.05561222641574843,109.8,47.57478323650041,109.8,47.57478323650041,46.19734448090582,-161.33692102820004,61.669264894705584,14.64245271312375
obs_noise_x4,Thompson,severe_left_weak,10,24.060225725170334,3.6014187760012666,0.0039215195599707825,0.0023057683803007186,24.58396366822193,0.9208120057983498,0.4083709842177613,0.029525871699655454,0.6212169614920664,0.03505185182401141,-1.4738017198750424,0.0934080181470673,0.07072448978345505,0.036053307826709485,0.9292755102165449,0.036053307826709485,26.72720356897424,6.1950921248335495,1.0,0.0,1.0,-51.8480249641827,19.868870481538767,0.889788571040149,0.01629378114027812,139.1,75.0539139552362,0.822252336857412,0.03211764955478075,139.1,75.0539139552362,139.1,75.0539139552362,51.8480249641827,-199.30171747000503,95.06952100410679,19.868870481538767
transfer_x0.8,PianoMPC,balanced,10,38.67142506822054,3.1272923129434207,0.0029158141831671764,0.0037292204797854983,7.398739324743119,0.5649868720484837,0.5377266160641165,0.02908737842323658,0.6095444947805897,0.029447872194935474,-1.2440085744286808,0.07675073815167076,0.07909555946320652,0.07413722992731676,0.9209044405367935,0.07413722992731678,21.615138822644592,4.203181209566066,1.0,0.0,1.0,-29.058711404190028,9.280204180743759,0.4214923498155302,0.05799050426455845,34.1,6.331666447310691,0.4946497730057424,0.035990746145170796,34.1,6.331666447310691,34.1,6.331666447310691,29.058711404190028,-42.04848491891924,5.859849234531032,9.280204180743759
transfer_x0.8,PianoMPC,mild_left_weak,10,39.40666720640152,1.6828135604026146,0.0038289320699330665,0.00287741280030441,8.193199936342094,0.8206180596572056,0.518920736936214,0.02277729677452853,0.5745398281244594,0.021898888211252975,-1.3280431754959747,0.038835989072506065,0.09966561045427269,0.046194866638964605,0.9003343895457274,0.046194866638964605,20.637333479855283,2.900239846009635,1.0,0.0,1.0,-21.32190143260514,8.032409092400973,0.43884173297758944,0.03577736061183179,32.0,2.792848008753788,0.5039805266677024,0.029875679154862365,32.0,2.792848008753788,32.0,2.792848008753788,21.32190143260514,-42.45665787124835,3.4586681713680267,8.032409092400973
transfer_x0.8,PianoMPC,severe_left_weak,10,38.90112602512566,2.082651394240602,0.002971285697511701,0.0024601768036751426,8.942791284394584,1.2225889649268802,0.49522020529053234,0.020293495111664464,0.5722796956319571,0.027311494539676264,-1.350425118983889,0.0730294092649098,0.10848780263288267,0.053688230930479745,0.8915121973671173,0.053688230930479745,23.52371595787213,3.388295627616371,1.0,0.0,1.0,-34.86658964713976,11.981073817021636,0.5393958208052974,0.04485555789753691,38.0,6.212889826803627,0.5559877694987798,0.01634180346193395,38.0,6.212889826803627,38.0,6.212889826803627,34.86658964713976,-50.93514132832967,5.805582070329586,11.981073817021636
transfer_x0.8,BayesianMAB,balanced,10,33.39521881751083,3.170535390005809,0.004318394360269364,0.003896920971184025,7.376219693969017,0.9801963489944701,0.5070026227658794,0.05277501665686963,0.5298929154759379,0.01759825643284707,-1.3020058962806176,0.06502634897347609,0.07773293714083188,0.05303865043609429,0.922267062859168,0.05303865043609429,24.987455543161982,3.1088783291005604,1.0,0.0,1.0,-24.087739702404043,6.597338411233249,0.4496973812699312,0.08582649534126387,35.7,8.075270893288968,0.5395687571759076,0.07505116956163489,35.7,8.075270893288968,35.7,8.075270893288968,24.087739702404043,-46.29601500843345,9.660445579459928,6.597338411233249
transfer_x0.8,BayesianMAB,mild_left_weak,10,30.157438482349352,2.9710165543401184,0.003132507308027005,0.0022607045821402515,7.993766988778917,0.491185093052103,0.4336564396799215,0.07769499271175448,0.5308625880895481,0.03885854319868827,-1.282377497841953,0.08090834361493215,0.07758639610637431,0.0551135315833027,0.9224136038936257,0.055113531583302684,26.66731320743553,3.283215980029649,1.0,0.0,1.0,-39.10673408485802,11.434904881065744,0.5868507547744042,0.10410937157911805,44.3,8.911228871485683,0.6416736352621387,0.07722142702575976,44.3,8.911228871485683,44.3,8.911228871485683,39.10673408485802,-56.23835340687583,8.683380264801388,11.434904881065744
transfer_x0.8,BayesianMAB,severe_left_weak,10,32.57121942637905,3.4519104699508323,0.0036084912572088555,0.002654241756764839,8.51757644632768,0.8152556044988429,0.3845270317517683,0.1010133770845172,0.48887299958253144,0.04715914944713833,-1.3889290959032394,0.10662102975205057,0.08179622014177404,0.056324730026118236,0.9182037798582259,0.056324730026118236,27.166920435005828,4.636633897324823,1.0,0.0,1.0,-31.187049302239615,10.735428534049747,0.558603443467416,0.09924493764289939,39.4,7.901898506055364,0.6132311773236397,0.08911990413538905,39.4,7.901898506055364,39.4,7.901898506055364,31.187049302239615,-54.45366985061672,9.88641044740025,10.735428534049747
transfer_x0.8,CCB-DF,balanced,10,29.709994389142885,3.320816265325159,0.0048246845655864805,0.0016368364958812731,7.56654088120874,0.8376050195075138,0.5403994354997536,0.02610000319257255,0.5026130573953168,0.029438823334269695,-1.3175674030975817,0.0679537524675004,0.09176904981403738,0.03148508615032846,0.9082309501859627,0.03148508615032847,28.451683254456167,4.047395458657162,1.0,0.0,1.0,-53.711874007879786,10.061838502276444,0.6065592247880238,0.08189665447298641,57.4,10.79073676817297,0.6589334040094436,0.0610950390944614,57.4,10.79073676817297,57.4,10.79073676817297,53.711874007879786,-74.98182090899763,10.888423322430867,10.061838502276444
transfer_x0.8,CCB-DF,mild_left_weak,10,30.78782212831718,2.901459220363337,0.00360937348176744,0.001813443591236931,8.377435645280054,1.2263200539230417,0.4938513466036438,0.018740989166029183,0.48983635917016305,0.03466235285885777,-1.3734383609260101,0.10332798506101538,0.07643688451880393,0.03445690544021661,0.9235631154811961,0.03445690544021662,26.964888448503736,3.5503244475927547,1.0,0.0,1.0,-54.75664974366076,12.646412775892545,0.6704873476451844,0.0935309904124785,60.6,11.62067123706716,0.6945510398097356,0.06874485843643036,60.6,11.62067123706716,60.6,11.62067123706716,54.75664974366076,-82.13451855833704,10.573455401843564,12.646412775892545
transfer_x0.8,CCB-DF,severe_left_weak,10,30.884678744980857,3.4555844041023125,0.003378733277819156,0.001192875944609082,8.797679822404701,0.9307131323888787,0.43298274080244636,0.02020852314003444,0.48557517659290966,0.02347146049043285,-1.39371283241818,0.084184305132193,0.07187396626344661,0.019790038100504462,0.9281260337365534,0.019790038100504455,27.760995586101863,4.947690694719999,1.0,0.0,1.0,-57.223409762309586,7.049460765801149,0.766521490382815,0.07260672323984814,64.9,8.94930164873215,0.7563287371758454,0.05149752820326449,64.9,8.94930164873215,64.9,8.94930164873215,57.223409762309586,-89.80563663348765,8.3499534579184,7.049460765801149
transfer_x0.8,LinUCB,balanced,10,31.10069261517892,2.9040012357043987,0.0005196441500947937,0.0004973123365437414,7.212874143498411,1.1743191628076286,0.5534725054044161,0.012651440194656985,0.48931232306327105,0.026331520423259258,-1.342466290065653,0.07758099949061086,0.030820693380040683,0.020656291469041122,0.9691793066199594,0.020656291469041122,26.817700822181983,3.4603573292481054,1.0,0.0,1.0,-45.910285571472315,9.768992921592675,0.5777391708978885,0.0729219598135933,51.4,6.916646586316233,0.6329850769686793,0.0565727801508786,51.4,6.916646586316233,51.4,6.916646586316233,45.910285571472315,-68.55028334981466,6.15659317751675,9.768992921592675
transfer_x0.8,LinUCB,mild_left_weak,10,31.565022929815218,4.2253176883277535,0.0008476321876456217,0.0006324549433936163,8.682262925753381,1.282044780997201,0.5118861588612333,0.010957612066210279,0.49645233263718735,0.03400792098073831,-1.3780999518116914,0.11244682699882971,0.044979220978101156,0.0150778864176683,0.9550207790218987,0.01507788641766829,26.82769573463119,3.961708293306669,1.0,0.0,1.0,-46.95027142299683,13.816794306716229,0.6401303773381251,0.11308037700576637,54.4,12.403225386970922,0.6741904816059592,0.09185872425195689,54.4,12.403225386970922,54.4,12.403225386970922,46.95027142299683,-73.60460860299125,10.902711242863576,13.816794306716229
transfer_x0.8,LinUCB,severe_left_weak,10,33.07993138141681,2.4728169245783516,0.0006226087918015249,0.0006108744447854625,8.58080069512866,0.987473582937369,0.45742099528174124,0.012747001518570885,0.4803133490399077,0.027480571479382203,-1.4199675064416155,0.059531779007637176,0.028466617197391603,0.024091505087038265,0.9715333828026085,0.024091505087038258,27.878423663869615,4.690692141190135,1.0,0.0,1.0,-50.44240014211182,12.134914515605209,0.7139514196314318,0.08229863081530102,56.0,8.087026647662292,0.7207210129629582,0.057695346012064073,56.0,8.087026647662292,56.0,8.087026647662292,50.44240014211182,-79.08743721419448,8.628201539462898,12.134914515605209
transfer_x0.8,Thompson,balanced,10,25.875548150573614,3.322388785050981,0.0029233999356916263,0.001439031715851734,7.761428200734028,1.147493072727707,0.5295764081935725,0.021516234587629416,0.5534283770142098,0.022892868836051412,-1.1946614834917324,0.0560932731120428,0.07011689775618038,0.02377352089030742,0.9298831022438196,0.023773520890307445,30.071244995497985,3.569938306368702,1.0,0.0,1.0,-50.28845266188566,14.957605677495039,0.6689884702169799,0.10453031526224772,59.4,15.944905142395799,0.7076645463565808,0.07254621619392004,59.4,15.944905142395799,59.4,15.944905142395799,50.28845266188566,-70.23741223910768,16.31701606781631,14.957605677495039
transfer_x0.8,Thompson,mild_left_weak,10,27.403918217440822,4.968671313088349,0.004145635548112184,0.0016356047527778862,8.541904183558255,0.8969832295761603,0.49853795237359694,0.02657381299591133,0.5317955907371903,0.03652941880475941,-1.2687546943928845,0.12130681973690895,0.08889439408681683,0.027155559660851383,0.9111056059131831,0.0271555596608514,26.87444860831285,3.432192079773252,1.0,0.0,1.0,-46.443522350912424,16.903193622799197,0.6928634521136315,0.09835120307762685,59.3,14.615402833996741,0.7110831178775314,0.0707553854995749,59.3,14.615402833996741,59.3,14.615402833996741,46.443522350912424,-73.82870338259764,13.291491072472027,16.903193622799197
transfer_x0.8,Thompson,severe_left_weak,10,29.22641505701346,2.861615955115831,0.004575237414165973,0.0020408874621683517,8.495289113914485,0.5889236443325435,0.4697105943363525,0.017152935397680986,0.5148987358768202,0.033505484240286244,-1.3170611201154532,0.08128406659530256,0.10737492515540226,0.04461621844741112,0.8926250748445976,0.04461621844741112,28.600186604880797,3.1071803017610633,1.0,0.0,1.0,-49.46210567346169,9.920624970973442,0.7558413297997768,0.09565090487842207,59.7,12.174152947946727,0.7516163163202669,0.07025263511125782,59.7,12.174152947946727,59.7,12.174152947946727,49.46210567346169,-77.83489709503621,12.756460927106605,9.920624970973442
transfer_x1.2,PianoMPC,balanced,10,39.65316059555347,3.3853627655381824,0.002289793887182523,0.0015779123440228563,7.037701926117326,1.3200776552401687,0.48309925653084906,0.02146084663157039,0.6600492053631963,0.015561497852371538,-1.1398441552619594,0.07213203917021278,0.07727306719095656,0.03245212848775197,0.9227269328090436,0.032452128487751974,23.22754431032218,3.812491118419372,1.0,0.0,1.0,-19.622695616619776,8.38248154071817,0.3604643591348233,0.04264456933000627,19.0,2.280350850198276,0.48172891894605013,0.03183748665161942,19.0,2.280350850198276,19.0,2.280350850198276,19.622695616619776,-21.60755725465246,2.559305516140763,8.38248154071817
transfer_x1.2,PianoMPC,mild_left_weak,10,42.350533534235,3.5087959566585076,0.0011588590385649372,0.0014525938900873153,8.221434273962773,1.2493071453148352,0.4679312640409701,0.021564716738858816,0.6211202833806171,0.02545994953673586,-1.269271993729142,0.07527289999275835,0.04699979486744192,0.0433684417813644,0.9530002051325581,0.04336844178136441,20.51160144444512,2.906275104604051,1.0,0.0,1.0,-18.476624858600694,5.885408950916336,0.3830458624718414,0.06990101303794644,19.2,4.044749683231338,0.4876878734420475,0.029134479057189723,19.2,4.044749683231338,19.2,4.044749683231338,18.476624858600694,-24.115036291820747,3.938901180170929,5.885408950916336
transfer_x1.2,PianoMPC,severe_left_weak,10,40.487080729258686,3.589402815678529,0.002703409359519221,0.0026280163404640124,9.441938879181448,1.1914842175550187,0.4701965166260133,0.025908442796726303,0.6118145829386747,0.027567615583913244,-1.3026228218375704,0.08013731582676945,0.10140862188917107,0.059549164761605676,0.8985913781108289,0.05954916476160569,18.283960369833697,3.3333376675930353,1.0,0.0,1.0,-23.272674860805704,6.013440668206067,0.4821563033970152,0.08249153865442524,22.7,5.692978130996113,0.5408333715841873,0.03434969172531184,22.7,5.692978130996113,22.7,5.692978130996113,23.272674860805704,-29.194755475729227,5.72988020502213,6.013440668206067
transfer_x1.2,BayesianMAB,balanced,10,33.06687840253518,4.014570509619749,0.004909926046176046,0.0048806250669215364,7.790315462458798,1.1231350847590937,0.4827300068542568,0.06001126136349374,0.5636635001212531,0.03198722134402042,-1.2369603303800392,0.0895287874557205,0.09597402597402596,0.07410792105441016,0.9040259740259742,0.07410792105441016,25.62020064474047,4.388618351969867,1.0,0.0,1.0,-17.68202267910743,9.121841538234639,0.444134269745429,0.10134214305302111,22.3,5.780138406647371,0.5970573228222132,0.07212237498714036,22.3,5.780138406647371,22.3,5.780138406647371,17.68202267910743,-27.55717737300771,6.9920414968125195,9.121841538234639
transfer_x1.2,BayesianMAB,mild_left_weak,10,33.019777001849775,6.227896647742522,0.0037648569023569075,0.0034583752200480996,8.676843874946004,1.2067696831323536,0.4148574688410718,0.09875906825652139,0.5529824979292095,0.04125450338697892,-1.2862199735052469,0.15031996472927564,0.06201779701779701,0.05236391052071649,0.937982202982203,0.0523639105207165,25.557997897983597,4.005981525059108,1.0,0.0,1.0,-24.052058614228194,9.414391642278423,0.5158714211813931,0.11280274487325366,26.8,6.4,0.6086006647765114,0.06011638842286002,26.8,6.4,26.8,6.4,24.052058614228194,-34.24623864515224,8.364778677040922,9.414391642278423
transfer_x1.2,BayesianMAB,severe_left_weak,10,31.577565720500445,7.0433797627442285,0.0023030171020296144,0.0028223509036379092,9.091389611075082,1.213265467302399,0.38660752520639624,0.08682623210624635,0.5244850852352554,0.031179777853918306,-1.3285145536530787,0.12045923458235232,0.07253198588031604,0.06240270165691289,0.9274680141196839,0.06240270165691288,25.989332342318228,4.075594665461845,1.0,0.0,1.0,-29.930811267978005,7.531711490457973,0.6321660606004673,0.14851789259130643,32.6,11.155267813907471,0.6904980018823259,0.09019412009972388,32.6,11.155267813907471,32.6,11.155267813907471,29.930811267978005,-42.2716457934938,12.045113822085817,7.531711490457973
transfer_x1.2,CCB-DF,balanced,10,28.706556117543027,3.9545937915102853,0.004023116771935943,0.0028196240714068108,7.026087904155787,1.321053405208755,0.5251082433221377,0.02253852903608687,0.517185996123009,0.032847179647156145,-1.2568141527921612,0.10613229069233984,0.06982297481420847,0.04611071763391483,0.9301770251857917,0.04611071763391483,27.962680857499503,3.6259711158521957,1.0,0.0,1.0,-36.262487415545266,10.5949098309293,0.6086016768317646,0.0899964164066701,35.8,6.925315877272314,0.6814304076828491,0.049831619137760574,35.8,6.925315877272314,35.8,6.925315877272314,36.262487415545266,-44.384168019255924,5.992163547413442,10.5949098309293
transfer_x1.2,CCB-DF,mild_left_weak,10,28.850123386774026,4.398484738709569,0.004692155303301025,0.0030655660503827826,9.14720797836159,1.0265238781419368,0.4989413253950971,0.027929719334744457,0.515797778481838,0.030153698977865396,-1.320779007361216,0.09536935786859976,0.08609838892522415,0.041851339896487344,0.913901611074776,0.04185133989648733,29.31996388139455,4.953931609867761,1.0,0.0,1.0,-37.0469888100916,11.38917272847585,0.6659278718806954,0.09588769355398376,38.3,8.258934555982389,0.7096209495598236,0.05396971123260114,38.3,8.258934555982389,38.3,8.258934555982389,37.0469888100916,-49.96163891884301,8.190098777334605,11.38917272847585
transfer_x1.2,CCB-DF,severe_left_weak,10,29.405231605129803,4.425876399504245,0.002433997544279357,0.0018672224162916225,9.638066183362351,1.271950443962661,0.4367237785829552,0.016883322295847297,0.5078335324767634,0.032747931008279156,-1.3563652661127352,0.11523120332901907,0.06307446199696669,0.024695741930198724,0.9369255380030334,0.024695741930198727,27.885749766006455,4.102705960525308,1.0,0.0,1.0,-41.59721238245544,12.132246479360283,0.7649090576092641,0.09999541235083058,43.7,8.9,0.7558318351365396,0.06636540315339706,43.7,8.9,43.7,8.9,41.59721238245544,-58.32877167887083,7.6474481104309255,12.132246479360283
transfer_x1.2,LinUCB,balanced,10,25.90891027828453,4.247642551121713,0.0005774528797199382,0.0007198583076237158,7.878310129051329,0.8884538095022296,0.5451299877113722,0.011322936420128956,0.5495265659647751,0.03004339333167212,-1.1956779423779207,0.08518777402810943,0.02704285931725403,0.021523045512998294,0.9729571406827461,0.021523045512998273,29.478227254435502,2.776598755478511,1.0,0.0,1.0,-38.42386760094342,10.63753978899187,0.6642638768786551,0.09091545958945535,40.5,10.220078277586722,0.7147363154669981,0.04458695118743344,40.5,10.220078277586722,40.5,10.220078277586722,38.42386760094342,-47.71001684558521,9.314390399652268,10.63753978899187
transfer_x1.2,LinUCB,mild_left_weak,10,25.42015593258525,4.277823043143043,0.00032671965427616,0.000445739415647104,8.42403497186095,1.1685857625346359,0.5079876919323678,0.013206279322361063,0.5573913457789513,0.03326898932140327,-1.1957615857910957,0.09313854140861197,0.025002759721720995,0.025859305886966277,0.9749972402782789,0.02585930588696627,30.657878972726365,2.855157860684047,1.0,0.0,1.0,-38.96404822647343,11.215723192388566,0.7523737231994064,0.09427916234812204,45.9,9.060353193998566,0.7531312635393685,0.05866240220544095,45.9,9.060353193998566,45.9,9.060353193998566,38.96404822647343,-54.15793984891045,8.142664933666733,11.215723192388566
transfer_x1.2,LinUCB,severe_left_weak,10,31.006658629481212,5.902113182216689,0.0007618434343434332,0.000710287495878764,8.57041104737879,1.5081356685375313,0.46809221574721577,0.015127015665078937,0.5176302016012124,0.03405938296712311,-1.3294960707328918,0.12987457756636767,0.03542476042476042,0.029709213757333142,0.9645752395752396,0.029709213757333135,28.26489987371007,4.1676550769294645,1.0,0.0,1.0,-40.19515360637344,7.696074872507811,0.7466683842899093,0.11301716407695633,41.0,9.869143833180262,0.7562464747641717,0.061613716085789,41.0,9.869143833180262,41.0,9.869143833180262,40.19515360637344,-53.35712745705215,8.757114307555543,7.696074872507811
transfer_x1.2,Thompson,balanced,10,27.369757685067192,4.434740915284423,0.0032429307076365863,0.0025168761877353814,7.728938856898052,1.3784416966225363,0.5136092174003521,0.027106005735993092,0.5733708973359422,0.0233025632983176,-1.1665361984280023,0.09452829923526483,0.06258577370342075,0.04666702620518908,0.9374142262965792,0.04666702620518909,29.723531205498308,2.4995998027280244,1.0,0.0,1.0,-31.924155602379876,5.4975285281000446,0.5980564574682558,0.07282484493768238,32.8,5.249761899362675,0.6827025718952485,0.04110994644081452,32.8,5.249761899362675,32.8,5.249761899362675,31.924155602379876,-37.958436036076215,4.929671182419734,5.4975285281000446
transfer_x1.2,Thompson,mild_left_weak,10,27.81817195726277,4.496792872414784,0.002003995464902796,0.0016018892880362643,8.006132921649662,0.9543542542439787,0.46553864469310363,0.036446954799208876,0.5441257946678949,0.030302795082634143,-1.2253704398102805,0.1040447533200665,0.06337256092291284,0.04064420998495182,0.9366274390770872,0.040644209984951836,30.388398975363334,2.728158441385897,1.0,0.0,1.0,-31.041756761002326,12.629130332040262,0.6372137791039637,0.11681295045572367,34.5,7.787810988975015,0.7083946340710978,0.06824782972658841,34.5,7.787810988975015,34.5,7.787810988975015,31.041756761002326,-41.62089463950436,7.2629323850565095,12.629130332040262
transfer_x1.2,Thompson,severe_left_weak,10,26.77195672981238,5.322682876121717,0.002934460871351285,0.0021000962499298464,9.359876420861514,1.3368028630150568,0.4372964330677009,0.023475106100254214,0.5553811544203966,0.03147298921737819,-1.2365830124126154,0.13801751712193608,0.060456186306429696,0.026584631319885626,0.9395438136935702,0.026584631319885612,28.095600993375513,3.3512407530954524,1.0,0.0,1.0,-35.904618135659724,11.987079016378315,0.7528943729678572,0.11331557308325861,39.6,10.669582934679312,0.7623468338640821,0.06646054777217328,39.6,10.669582934679312,39.6,10.669582934679312,35.904618135659724,-47.602993584310525,7.965493826732313,11.987079016378315
obs_x2_transfer_x0.8,PianoMPC,balanced,10,35.73635590760601,1.8418413268622216,0.0021941749146674855,0.003128196709066288,12.476098931464325,1.0977308567852255,0.5251508027117746,0.01884185796043298,0.6347949990230535,0.02707737556821057,-1.3112490158375774,0.048186660751937796,0.061121397488097216,0.05657896397122512,0.9388786025119028,0.05657896397122512,19.94282202491429,5.220164762122869,1.0,0.0,1.0,-18.715612538137698,8.141577459607138,0.46554243360152103,0.06302541443316487,42.3,11.393419153177856,0.5003587126247571,0.029605197408752205,42.3,11.393419153177856,42.3,11.393419153177856,18.715612538137698,-55.135448231757024,13.795972318302072,8.141577459607138
obs_x2_transfer_x0.8,PianoMPC,mild_left_weak,10,37.03612033822229,2.8035017282995796,0.0029065137743733544,0.0026006972078334288,13.455151211149616,1.3680495531006713,0.4955305415557841,0.03509637200464514,0.6095219280335262,0.03621416304970521,-1.3944518676387376,0.08276357378067442,0.06961257216535674,0.05544877693633979,0.9303874278346432,0.05544877693633978,24.479575174317326,4.859477543706475,1.0,0.0,1.0,-25.046927468832894,10.054119847291465,0.5045804119248267,0.048665925951567594,41.9,9.449338601193206,0.5203469969670002,0.024688862664527148,41.9,9.449338601193206,41.9,9.449338601193206,25.046927468832894,-57.949430035454625,11.221442883784269,10.054119847291465
obs_x2_transfer_x0.8,PianoMPC,severe_left_weak,10,37.661767418899935,3.8695787917668727,0.0036958228612999065,0.005152451961310937,13.034429142223459,1.5060981899958847,0.46398502034682537,0.019627727985943994,0.5914671286854972,0.03052077208857339,-1.4187495971132178,0.09972327401326293,0.07181217680803377,0.06505783640298007,0.9281878231919662,0.06505783640298007,22.371265459681055,4.604561204532292,1.0,0.0,1.0,-30.721356670883846,14.37085065408736,0.5799008221238279,0.07386097261275126,45.0,12.10784869413225,0.5668725145082142,0.04071583791920199,45.0,12.10784869413225,45.0,12.10784869413225,30.721356670883846,-63.00352476684569,13.631469275360482,14.37085065408736
obs_x2_transfer_x0.8,BayesianMAB,balanced,10,27.5056506494899,5.665779797064377,0.005415735317166599,0.002901481425303819,13.186004999353447,1.1486012504807643,0.5154695815825813,0.06625146948618998,0.5668793803136539,0.05377789936407314,-1.3422601931117182,0.14071269625111998,0.09346281389935471,0.03729435695303679,0.9065371861006455,0.03729435695303678,28.805858791035597,5.524814730373582,1.0,0.0,1.0,-34.29175453319776,8.275107933301705,0.649399701522849,0.09439403523323521,62.2,21.980900800467662,0.6833473180468659,0.05681918781313164,62.2,21.980900800467662,62.2,21.980900800467662,34.29175453319776,-80.79448466685703,19.946018767767196,8.275107933301705
obs_x2_transfer_x0.8,BayesianMAB,mild_left_weak,10,30.605954611128602,5.01666245455672,0.00438435473851708,0.0030480288785418876,13.37710251033125,0.9812187983179133,0.4718956040175583,0.05393912465884449,0.5528412818481547,0.03946778035614007,-1.4011419801813445,0.10516262195740515,0.08291288334094235,0.04484489152327596,0.9170871166590577,0.04484489152327596,26.064626546607645,7.081976014635296,1.0,0.0,1.0,-35.01656257002527,14.801860419041192,0.627271698178041,0.13287685529838916,51.0,19.042058712229622,0.6595823854808706,0.0797704089383611,51.0,19.042058712229622,51.0,19.042058712229622,35.01656257002527,-70.16945208900808,22.926497794919165,14.801860419041192
obs_x2_transfer_x0.8,BayesianMAB,severe_left_weak,10,30.76712653445905,4.741562853222604,0.0032153388573274203,0.0023767964170946084,14.457139957770304,1.9355341413084814,0.408376278898907,0.06595476197115342,0.5363513244299284,0.03543136081580109,-1.458734117516243,0.09831629553012398,0.06562357891467573,0.038990136665332305,0.9343764210853243,0.038990136665332284,26.10661149576141,6.982221281394997,1.0,0.0,1.0,-43.272463954559655,13.801399420268561,0.6832245947105706,0.11734231753103536,57.3,17.239779580957524,0.7020253029777521,0.07719559662625668,57.3,17.239779580957524,57.3,17.239779580957524,43.272463954559655,-82.41398704258299,21.514267598453323,13.801399420268561
obs_x2_transfer_x0.8,CCB-DF,balanced,10,27.968337069114575,4.481950182873891,0.0035737461608607427,0.001985700031503019,12.850917357680832,1.024994860024643,0.5179068767925301,0.023812467389205137,0.5242341028833277,0.03951483452323753,-1.4074357194503435,0.1085231078458842,0.06886857670344297,0.03259670406254217,0.931131423296557,0.03259670406254216,27.142959508509186,7.124444822067577,1.0,0.0,1.0,-53.18315079883213,12.154499213889606,0.6908022601021921,0.08655772815457421,69.2,16.35726138447387,0.7151864841145467,0.058784855988659825,69.2,16.35726138447387,69.2,16.35726138447387,53.18315079883213,-96.26829740633067,18.213356558875404,12.154499213889606
obs_x2_transfer_x0.8,CCB-DF,mild_left_weak,10,30.840296594032345,5.247403798477077,0.005011593538997351,0.002532018437894757,13.631093021385649,1.0657044039314885,0.48281318852954,0.013827569120473431,0.517734301028135,0.045572961400547625,-1.4759015599367604,0.1370361836405114,0.08796497739590729,0.02677182585590439,0.9120350226040926,0.0267718258559044,26.454715713544903,6.061896799828428,1.0,0.0,1.0,-52.42829361495414,11.891962636636354,0.7438583489168096,0.0724672146212008,71.5,13.06330739131557,0.74010781441963,0.03804898222376563,71.5,13.06330739131557,71.5,13.06330739131557,52.42829361495414,-104.04883653078062,12.155786667079768,11.891962636636354
obs_x2_transfer_x0.8,CCB-DF,severe_left_weak,10,30.89221370994344,3.5865538979831557,0.0024738141594082023,0.001771436239274116,13.499205245282292,0.8520606651291428,0.4093996264467451,0.02723879621225347,0.5096628148389086,0.03268901083295296,-1.4850188305805145,0.08776302987988104,0.05705939674591032,0.017395716176375968,0.9429406032540897,0.017395716176375968,28.636796789270825,4.972055983638339,1.0,0.0,1.0,-57.20662349452141,12.519191356136984,0.8219679032669938,0.03805507622044668,73.6,12.611106216347558,0.7897503694395945,0.03515583416624431,73.6,12.611106216347558,73.6,12.611106216347558,57.20662349452141,-108.32281049416292,12.003308017381883,12.519191356136984
obs_x2_transfer_x0.8,LinUCB,balanced,10,27.736374847722043,3.6827760508212473,0.0023783904240870174,0.0012483509423978818,13.774396334067044,1.0430659518755145,0.5382987938854791,0.012857184617894523,0.5373406915586695,0.027197528959867993,-1.409223885811151,0.08828304570487051,0.05650621877621344,0.023041892101469588,0.9434937812237866,0.02304189210146957,28.323950358418607,2.7907222004054493,1.0,0.0,1.0,-48.44276112335941,14.036044898816296,0.7031392301331704,0.06569851419840557,70.2,12.367699866992245,0.7338918731310159,0.05331643948308011,70.2,12.367699866992245,70.2,12.367699866992245,48.44276112335941,-98.23293029775144,14.02443674441784,14.036044898816296
obs_x2_transfer_x0.8,LinUCB,mild_left_weak,10,29.93381267493021,6.401855526595897,0.0030409898058385556,0.002091224064255067,13.744757061166235,1.2447396630479302,0.49881433294492633,0.021592280185221142,0.5155269458017189,0.05876363779130495,-1.4700049805877395,0.15245272996107337,0.06986326773933375,0.044741850177967384,0.9301367322606662,0.04474185017796738,27.260539786327268,5.7522097518565225,1.0,0.0,1.0,-51.479255255459954,28.125687543840122,0.7183978603392582,0.10218818279539953,75.9,30.729301977103223,0.7273689702639341,0.07287242975819738,75.9,30.729301977103223,75.9,30.729301977103223,51.479255255459954,-107.40128489392268,31.269325676803078,28.125687543840122
obs_x2_transfer_x0.8,LinUCB,severe_left_weak,10,30.570377308205888,6.022998082903385,0.004152723744139278,0.0023428973127404677,13.709221316650098,0.8959883080145107,0.4654090762726205,0.013063222284388325,0.519147612358473,0.04836590444675349,-1.4709292734841724,0.14025195801159612,0.08966773106512951,0.030588969387349018,0.9103322689348705,0.030588969387349035,23.840397616427218,6.651957211066222,1.0,0.0,1.0,-51.060763751080145,15.422510878879663,0.7720858909699337,0.0915380784333487,72.2,19.093454375780198,0.7439905813211677,0.05530084049521839,72.2,19.093454375780198,72.2,19.093454375780198,51.060763751080145,-103.6747552284344,17.250934338450783,15.422510878879663
obs_x2_transfer_x0.8,Thompson,balanced,10,28.285954447936014,7.183448677586248,0.0037692255462195958,0.004069811971122259,14.144008313051279,2.2315062982245992,0.5003249931116035,0.06166694004740482,0.5433783520065486,0.04808625371613352,-1.4106005603533147,0.15395829695983038,0.06719496920632277,0.04554451066221787,0.9328050307936773,0.045544510662217874,27.046481848437924,4.620829764813499,1.0,0.0,1.0,-32.465913595842906,16.225756555817163,0.6078612304978078,0.16887308686404282,57.0,22.181073012818835,0.6493417494831437,0.12061993794750292,57.0,22.181073012818835,57.0,22.181073012818835,32.465913595842906,-77.27458248469031,23.332935598789927,16.225756555817163
obs_x2_transfer_x0.8,Thompson,mild_left_weak,10,27.947281016794033,5.214313101437917,0.005900105552841379,0.003640326164210107,13.64386488422377,1.1893214968209822,0.49538778217605167,0.03136380159743388,0.5484376931287762,0.03360522607156219,-1.389209290368949,0.11284372445621582,0.09182440932033441,0.03481610562296051,0.9081755906796657,0.03481610562296053,29.200852264601235,4.175143684132115,1.0,0.0,1.0,-50.967161928177724,16.714094452058163,0.7437201944345165,0.09702215157969522,70.8,24.190080611688753,0.7469769223320804,0.06540886034958644,70.8,24.190080611688753,70.8,24.190080611688753,50.967161928177724,-96.36606141048976,26.68976670167975,16.714094452058163
obs_x2_transfer_x0.8,Thompson,severe_left_weak,10,29.88252086837381,2.8761391785571546,0.005432506483731273,0.0026558492037625173,13.802180646118845,0.9078134987778026,0.43835030950690196,0.027588937874177898,0.5252338090405031,0.029594660171034775,-1.4529028723082467,0.07182640136862639,0.08716717296857303,0.02274931163291376,0.912832827031427,0.02274931163291377,27.407033363289845,4.378023605614461,1.0,0.0,1.0,-36.58161516659606,11.036303737990938,0.7668611334784572,0.07071056707554389,57.9,9.853425800197614,0.7571141936745233,0.05606751279009182,57.9,9.853425800197614,57.9,9.853425800197614,36.58161516659606,-83.52006580190654,10.685084507019306,11.036303737990938
obs_x2_transfer_x1.2,PianoMPC,balanced,10,37.28938542478644,5.008400107719963,0.0032251404151404316,0.004582807864693945,12.366391665123476,2.491278889292528,0.4608670320566374,0.05309823140739325,0.6456351925702368,0.025544874379750216,-1.2862586567098144,0.07560633662640005,0.05092389092389092,0.06851638750522694,0.9490761090761092,0.06851638750522693,21.790637549659333,6.86222615555587,1.0,0.0,1.0,-11.440286157735743,7.855270700245069,0.3978013619947379,0.08428060436279802,22.4,6.740919818541086,0.5061500767477315,0.04019342286230959,22.4,6.740919818541086,22.4,6.740919818541086,11.440286157735743,-28.84256664933945,8.885938536106757,7.855270700245069
obs_x2_transfer_x1.2,PianoMPC,mild_left_weak,10,37.3915084417045,4.673442021409493,0.0020384816054338914,0.002682368170901984,14.158642469785724,1.686027136432525,0.48179834053149373,0.03919369397518856,0.672353697472063,0.030144812082079368,-1.311652646681159,0.08513289886767213,0.04546853765030019,0.044833207250183374,0.9545314623496999,0.044833207250183374,21.145327066681823,3.2134579560954184,1.0,0.0,1.0,-17.053454413578613,8.85000900186462,0.5289470781881371,0.08134718473794626,34.3,12.304877081872862,0.5370303878033101,0.039599638154939595,34.3,12.304877081872862,34.3,12.304877081872862,17.053454413578613,-44.29328823192294,13.977399151107285,8.85000900186462
obs_x2_transfer_x1.2,PianoMPC,severe_left_weak,10,37.477690212325165,3.7973624964572537,0.002943404040218004,0.002555266613766655,14.948008319233793,1.8629027910557876,0.4587998959402723,0.02277774836073216,0.6274043817035924,0.02189482802032446,-1.3961204474620537,0.06962857598641133,0.08198660302741308,0.047276398887065973,0.9180133969725868,0.04727639888706596,24.994456877457043,4.830530783798956,1.0,0.0,1.0,-25.197166709165405,9.92413769706308,0.5428450965155833,0.05191589533019956,28.0,5.495452665613635,0.5542460015630175,0.029898903922064114,28.0,5.495452665613635,28.0,5.495452665613635,25.197166709165405,-39.0131225246371,7.187299784497745,9.92413769706308
obs_x2_transfer_x1.2,BayesianMAB,balanced,10,30.71740582140717,7.289021545952313,0.0048031574470398086,0.003735600007426588,13.020970106577504,2.5392849168048426,0.5346136897440428,0.04934944871697889,0.5708927306341852,0.06179444212697118,-1.3543224924591601,0.17177805760301176,0.09237976890918068,0.05297132933654508,0.9076202310908194,0.05297132933654506,24.277798397326798,6.750781419891188,1.0,0.0,1.0,-22.112849893220016,10.067919444117363,0.5449980984292945,0.12453084292423547,33.2,13.295111883696203,0.6359255314708098,0.06477061969301529,33.2,13.295111883696203,33.2,13.295111883696203,22.112849893220016,-43.26984652298369,12.32955207475972,10.067919444117363
obs_x2_transfer_x1.2,BayesianMAB,mild_left_weak,10,30.055264475577264,6.824160503705147,0.004237780163220668,0.002505973324137994,13.082406843826586,1.7197581959825647,0.479440967849183,0.0336422799935262,0.5753717681658149,0.04201701972113351,-1.3422815179094307,0.13579108624834701,0.07073654901744146,0.030665806230390287,0.9292634509825584,0.030665806230390294,29.079719653556918,6.8245273056652165,1.0,0.0,1.0,-25.840507458677727,10.128345593911728,0.6234945988128199,0.15293830360749047,34.7,12.38587905640936,0.6821177714655748,0.09362941806164504,34.7,12.38587905640936,34.7,12.38587905640936,25.840507458677727,-45.54792859530211,13.861797317751128,10.128345593911728
obs_x2_transfer_x1.2,BayesianMAB,severe_left_weak,10,26.884440928184887,6.130279018380469,0.004418431786725341,0.003775892438368574,13.513124238148652,1.6076005188722229,0.4011425748761397,0.07871080507616397,0.5760632289672989,0.06216011708907385,-1.321039407750794,0.16088784906377399,0.09006747797556684,0.046959475770038915,0.9099325220244332,0.046959475770038936,29.714817125555072,3.0448882094486183,1.0,0.0,1.0,-38.49264234750047,14.461741599457916,0.7611762693525372,0.14828857400584625,50.2,22.225210910135363,0.7593880064510532,0.08025985180870611,50.2,22.225210910135363,50.2,22.225210910135363,38.49264234750047,-63.52717884863036,21.011142587104757,14.461741599457916
obs_x2_transfer_x1.2,CCB-DF,balanced,10,29.920316575489988,6.8997248776183895,0.005750069651003378,0.0031237641921073194,12.83455525282701,1.6146623384900525,0.5261230293269977,0.03566160842175959,0.5210766529655521,0.044796619951897744,-1.4271564361678064,0.1452294229416979,0.08661969583566162,0.0362693723520395,0.9133803041643385,0.0362693723520395,26.898522889246436,6.6544236460074275,1.0,0.0,1.0,-27.144925067676603,12.720101882327777,0.6071425624860793,0.12785520989794796,39.5,13.10915710486376,0.6631350853370181,0.0726801848407805,39.5,13.10915710486376,39.5,13.10915710486376,27.144925067676603,-54.59658847446114,12.332799671450983,12.720101882327777
obs_x2_transfer_x1.2,CCB-DF,mild_left_weak,10,30.322588691315218,7.310362427384311,0.004783302278873549,0.0069809505252859845,14.314064418031876,1.3810268000293962,0.4616616839670624,0.04464669854156477,0.5239790940579446,0.05170242624677847,-1.4686304243052428,0.16042310107202384,0.0817008944354178,0.06366854842268418,0.9182991055645822,0.06366854842268418,26.158062731627798,4.84057919791903,1.0,0.0,1.0,-30.669728074024327,11.174583313229322,0.6846791475120426,0.14067469111120073,43.8,15.89842759520576,0.6966812116375051,0.08768831408277884,43.8,15.89842759520576,43.8,15.89842759520576,30.669728074024327,-62.047947847553395,16.44599542741619,11.174583313229322
obs_x2_transfer_x1.2,CCB-DF,severe_left_weak,10,30.096557060816576,5.54706312324637,0.005014385892291128,0.0029033158116689465,13.599944047065843,0.8232629574392345,0.4419991115666983,0.01778616131013567,0.5319505966152536,0.04011438022695606,-1.437406498298013,0.12547694337527687,0.09277297868200637,0.04014090379750788,0.9072270213179936,0.04014090379750788,25.682811672293163,5.678036576660987,1.0,0.0,1.0,-41.139822480555644,13.065318004345974,0.7985667689975781,0.09377711256668471,50.3,15.113239229232097,0.7606454982014456,0.06291649388883455,50.3,15.113239229232097,50.3,15.113239229232097,41.139822480555644,-70.60493243708001,14.602291440013694,13.065318004345974
obs_x2_transfer_x1.2,LinUCB,balanced,10,27.317754829814124,4.162720991853955,0.004016589606471969,0.002889950545153629,13.477225844092569,1.2279238505996475,0.5499755689430396,0.01972382418082402,0.5576499302855721,0.04049841857974956,-1.3545560865572313,0.09648217626732544,0.08287270681388328,0.035030991899497946,0.9171272931861167,0.03503099189949795,30.00285314977752,3.0341782096825396,1.0,0.0,1.0,-23.97565557959338,11.217104914574339,0.6543050730860507,0.10796783282612522,41.6,12.41933975700802,0.6873390617541922,0.056729325000234,41.6,12.41933975700802,41.6,12.41933975700802,23.97565557959338,-55.35598174844351,13.44105525771987,11.217104914574339
obs_x2_transfer_x1.2,LinUCB,mild_left_weak,10,28.171459613719968,3.8770526327514347,0.004429019260052152,0.0023825349215397863,13.076354529879035,1.1626317351522462,0.5099797875016858,0.023632669923655664,0.5471850468349013,0.025599695591654814,-1.3745778750157638,0.07692024276112079,0.08938716954640881,0.031186771467802854,0.9106128304535911,0.031186771467802875,25.486158295998013,4.347322115852351,1.0,0.0,1.0,-42.32994856564191,5.606481022296683,0.7603127625296026,0.06945227379519124,48.4,6.78527818147495,0.7494088821303531,0.04557138427702422,48.4,6.78527818147495,48.4,6.78527818147495,42.32994856564191,-66.09769414958178,6.845596831121962,5.606481022296683
obs_x2_transfer_x1.2,LinUCB,severe_left_weak,10,27.888936883349636,6.187687916110365,0.002858635211585223,0.0015563006337216078,14.244693131424418,1.518018665370919,0.4463159014957756,0.02466147966996462,0.5501071038865734,0.05330193494301101,-1.3991722923225218,0.15349374492794218,0.07289429446380483,0.02272816510814025,0.9271057055361951,0.02272816510814026,29.890188626886026,3.4337426824413066,1.0,0.0,1.0,-39.09759672024123,13.012336670387748,0.8221879897506008,0.09098014476784619,55.3,23.8035711606473,0.7867276789371358,0.036420608432368023,55.3,23.8035711606473,55.3,23.8035711606473,39.09759672024123,-74.27269968356833,22.1452777039313,13.012336670387748
obs_x2_transfer_x1.2,Thompson,balanced,10,24.459969641090503,3.436941161707342,0.0038032588465490786,0.004321616396778387,12.474854369187714,1.423846206828773,0.5157167328105692,0.04187842254180811,0.5774535644194838,0.03720585656599452,-1.2601403689199402,0.06645522405469505,0.06210744049237776,0.04894229394852333,0.9378925595076224,0.04894229394852334,27.889809209042777,4.861508948459068,1.0,0.0,1.0,-26.076700992574406,8.110484914963164,0.6582607199713445,0.0761704511076077,42.7,12.100000000000001,0.7136939632393775,0.03513207783404415,42.7,12.100000000000001,42.7,12.100000000000001,26.076700992574406,-53.243316673075824,12.908332985595939,8.110484914963164
obs_x2_transfer_x1.2,Thompson,mild_left_weak,10,26.01772963606241,6.2110357723668095,0.004447988518781291,0.00367947808183118,13.769511828159429,1.272571020739849,0.47664277218446643,0.03823232835583555,0.5667252218030867,0.04497084807853742,-1.3297255194282824,0.14880962210200951,0.07678319265578379,0.04914488810304929,0.9232168073442164,0.049144888103049275,27.064081021415642,6.999190290120973,1.0,0.0,1.0,-31.385621114359793,14.088776208222704,0.6887443713394535,0.15328501321389865,45.1,19.38788281375767,0.7120449372094353,0.08847854798937789,45.1,19.38788281375767,45.1,19.38788281375767,31.385621114359793,-57.32983570766587,19.25117408688738,14.088776208222704
obs_x2_transfer_x1.2,Thompson,severe_left_weak,10,28.044788553765407,5.416728807328797,0.005999792030181588,0.0030760321047690066,14.824056551451672,2.327788919924031,0.4398759123466906,0.04471826078011316,0.5724329721029132,0.03493389202765729,-1.3762105820582557,0.10214434111274757,0.09770603651266438,0.047028472923965725,0.9022939634873357,0.047028472923965725,27.842564603015383,5.568616357899506,1.0,0.0,1.0,-38.345609214903234,18.677176172332175,0.7662948392532657,0.13544963290224446,46.3,18.873526432545667,0.7696043094545442,0.06734017157730794,46.3,18.873526432545667,46.3,18.873526432545667,38.345609214903234,-62.272660338198236,22.060581832227463,18.677176172332175
obs_x3_transfer_x1.2,PianoMPC,balanced,10,37.07382731679735,5.999752448120124,0.0010641519647153312,0.0015989300587924494,19.312231690145627,2.689882786432856,0.4666464676322077,0.039611291265983006,0.6971899661164086,0.024975538322423378,-1.3907712414536544,0.11693576166440776,0.03507941281297335,0.024730518229229465,0.9649205871870267,0.024730518229229462,27.179277503558904,5.7325523419691375,1.0,0.0,1.0,-14.627445780769577,9.75632319604433,0.4927558182529448,0.09321719207804603,38.9,11.953660527219267,0.5283392993612569,0.05991839762999522,38.9,11.953660527219267,38.9,11.953660527219267,14.627445780769577,-53.48220464035215,15.51394909581311,9.75632319604433
obs_x3_transfer_x1.2,PianoMPC,mild_left_weak,10,35.858301368401754,4.996192063148873,0.0022079535278581234,0.001469232273762589,20.641342947972237,1.664302932430398,0.4806627183222661,0.030031798003755415,0.6858919049463309,0.03701898826881134,-1.4334843656432066,0.08742492563515454,0.06000650204274603,0.030860496715970923,0.9399934979572541,0.03086049671597092,25.62106807808337,4.768896016154213,1.0,0.0,1.0,-15.105113558339292,10.86069709408751,0.5946192596045444,0.0797907764364333,49.4,12.034949106664307,0.5624664077762612,0.046163584383730936,49.4,12.034949106664307,49.4,12.034949106664307,15.105113558339292,-69.91952202586555,14.766852092545621,10.86069709408751
obs_x3_transfer_x1.2,PianoMPC,severe_left_weak,10,35.18619839908534,3.886353152390536,0.003628048598130769,0.003996454463624475,18.813809939314318,1.9972759088926726,0.4340698032818321,0.03444964635426109,0.6757147489269958,0.031164140347849003,-1.40448077133575,0.08868673713050657,0.06356347802184768,0.04522744475440105,0.9364365219781522,0.04522744475440105,22.96646901403222,6.848083242127857,1.0,0.0,1.0,-21.360541662672773,12.978980199864212,0.6363622912654866,0.07448065137513477,53.2,27.154373496731605,0.5784436921226173,0.04268528814127374,53.2,27.154373496731605,53.2,27.154373496731605,21.360541662672773,-72.92607974406582,32.547882753280206,12.978980199864212
obs_x3_transfer_x1.2,BayesianMAB,balanced,10,21.54567428666639,5.211920735035589,0.0038475562200287446,0.002425518843322888,20.15481534392321,1.5952484837392147,0.506134349253231,0.04355844850874289,0.6511482400701907,0.03998764431906367,-1.3161308000448908,0.12290041301652808,0.06704377834878794,0.03294468570514461,0.9329562216512122,0.032944685705144604,28.88416849530376,6.356586664964616,1.0,0.0,1.0,-32.88149048695918,13.57478373028613,0.7430795757835627,0.08415092893710642,80.4,29.254743205162473,0.7378644753812402,0.062249696836666465,80.4,29.254743205162473,80.4,29.254743205162473,32.88149048695918,-103.50525537984575,34.50834268010547,13.57478373028613
obs_x3_transfer_x1.2,BayesianMAB,mild_left_weak,10,30.021540137536583,7.1858228636289185,0.006753233300836008,0.005682309056994602,18.49180569855744,2.5426336730730674,0.468417590139279,0.05836005155704003,0.6073654990566286,0.0353174455925742,-1.434853465589683,0.13540584701375036,0.10557462056199407,0.07256684220507413,0.8944253794380058,0.0725668422050741,26.207519189188787,6.796460281025009,1.0,0.0,1.0,-23.766048063268155,13.551533172502063,0.7000895756777248,0.14172126842915642,44.3,16.941369484194603,0.7255010213626562,0.08853463521304124,44.3,16.941369484194603,44.3,16.941369484194603,23.766048063268155,-61.935985718377275,20.31341129986958,13.551533172502063
obs_x3_transfer_x1.2,BayesianMAB,severe_left_weak,10,28.364636433802502,5.5352442827670085,0.003486247917616127,0.002656614967026389,19.78653995669128,1.9977494064938843,0.4071028496016747,0.028985438802713596,0.6159359654543907,0.030334699862487952,-1.4347256935446522,0.1240537773277388,0.06204391000084599,0.03807507456823958,0.937956089999154,0.03807507456823958,27.813894313465642,5.637663237747802,1.0,0.0,1.0,-31.841482569141817,13.660942348224902,0.8325420429630608,0.1008247086047893,61.8,26.23661563540542,0.7900865217998375,0.05432587559066606,61.8,26.23661563540542,61.8,26.23661563540542,31.841482569141817,-86.2520904503439,31.93891213782018,13.660942348224902
obs_x3_transfer_x1.2,CCB-DF,balanced,10,28.322163100632526,5.675654812211345,0.004796591324398782,0.005673737845602909,19.086033900752803,1.651629941088652,0.5014218780782926,0.03126691110157242,0.5669733153815901,0.04646054902557088,-1.4985647713043475,0.146406886146835,0.06728806388126879,0.043527029498469635,0.932711936118731,0.04352702949846964,24.992004490682643,8.362459627308702,1.0,0.0,1.0,-29.810307753320842,8.541851138641077,0.6959012723211999,0.08988408454787059,50.9,12.541531007018241,0.7075078078670417,0.043703857430169905,50.9,12.541531007018241,50.9,12.541531007018241,29.810307753320842,-74.67601250388415,13.46402326259034,8.541851138641077
obs_x3_transfer_x1.2,CCB-DF,mild_left_weak,10,27.514751386850083,3.8158762950287493,0.0030214297522580995,0.002968909568135139,18.854488276023126,2.685850435676222,0.4361538168056091,0.035130666706421766,0.5602961353658267,0.037549369366538334,-1.493970215336947,0.09777842497749327,0.05025881038125026,0.03073059570470418,0.9497411896187498,0.03073059570470417,29.525381531586124,3.208501999698001,1.0,0.0,1.0,-38.94632491462002,12.248315004150951,0.7673592317915382,0.06919214734750564,55.0,16.893785839769603,0.7484517576040977,0.027260125169843604,55.0,16.893785839769603,55.0,16.893785839769603,38.94632491462002,-80.88663554830097,20.072442772252572,12.248315004150951
obs_x3_transfer_x1.2,CCB-DF,severe_left_weak,10,27.961310968308243,6.425197413741948,0.004158933823146836,0.0029713488518333044,19.72359429559352,1.931470407547226,0.40491904656838323,0.029656309162318255,0.5482964412297451,0.06258208105052147,-1.5404645963674468,0.16903836484333312,0.07523172443228644,0.03072229170537165,0.9247682755677136,0.030722291705371635,30.037813963746014,2.9656067752115938,1.0,0.0,1.0,-38.455094737182726,15.028372467461317,0.8291856884256525,0.1127337954430311,65.3,26.019415827416264,0.7791669686166482,0.05860136587365287,65.3,26.019415827416264,65.3,26.019415827416264,38.455094737182726,-97.06793660280917,31.598181356208947,15.028372467461317
obs_x3_transfer_x1.2,LinUCB,balanced,10,27.909053349683017,5.547033059110883,0.0060255356375240035,0.0065353884630716405,21.018345407593774,1.7644682300740442,0.528106534841151,0.02759728500617788,0.5665673121611555,0.04752249968683954,-1.5360774590108321,0.12031524676876194,0.07469051305993489,0.05572939495378679,0.925309486940065,0.055729394953786794,26.711801179356037,6.197449338969673,1.0,0.0,1.0,-29.179769018801295,14.183934888831452,0.6962971130509243,0.09148060559434848,54.1,18.811964278086432,0.7217479043144913,0.06515949759693462,54.1,18.811964278086432,54.1,18.811964278086432,29.179769018801295,-81.10887778676073,22.73128116960129,14.183934888831452
obs_x3_transfer_x1.2,LinUCB,mild_left_weak,10,25.125545849219883,5.514559252099393,0.003894208181434484,0.0015961465047540364,20.321465703874146,1.1920364791698852,0.47755440256011444,0.015191176181907932,0.5988650527470847,0.0614052716579229,-1.440050926565902,0.15884046646458455,0.07471372524386417,0.021910553682421337,0.9252862747561359,0.02191055368242135,30.90043934365591,2.3032025207731937,1.0,0.0,1.0,-48.20775680517141,23.008553070928016,0.7801922727352529,0.10197016178572994,85.9,39.948591965174444,0.7441607662347918,0.048185235442625825,85.9,39.948591965174444,85.9,39.948591965174444,48.20775680517141,-117.85398892787714,46.284024140931166,23.008553070928016
obs_x3_transfer_x1.2,LinUCB,severe_left_weak,10,26.224288421668582,2.9033596622705717,0.003405805304000392,0.0025411724370647884,20.290851974601686,1.5733065204502974,0.4051261859465214,0.0217791321320438,0.5929499776020306,0.03211869338896537,-1.4613459799987107,0.07062114459024535,0.057845758621134634,0.03452015005249076,0.9421542413788654,0.03452015005249077,29.864027562655657,3.8334593253764195,1.0,0.0,1.0,-46.784217083509475,8.321640489628884,0.8979698541365101,0.03932993634671638,76.8,20.725829295832774,0.8102482669235858,0.023835550620284272,76.8,20.725829295832774,76.8,20.725829295832774,46.784217083509475,-111.15243464791153,25.127336180750298,8.321640489628884
obs_x3_transfer_x1.2,Thompson,balanced,10,22.289009735695274,3.7984399788815786,0.006151155169117559,0.004723996945522766,19.342976809800174,1.3312544827305446,0.5030428535008247,0.0435563873363125,0.6251594892696966,0.0344550370991165,-1.3413228504294588,0.09426764362961329,0.08941183849220366,0.05219095401592328,0.9105881615077964,0.05219095401592327,28.71429526167296,3.7042557288377584,1.0,0.0,1.0,-39.59299694487892,12.315967338068154,0.7666076852647027,0.0453115972969896,77.9,36.10387790805857,0.7666743547692865,0.043766988010177164,77.9,36.10387790805857,77.9,36.10387790805857,39.59299694487892,-101.38291635673741,39.453622594998194,12.315967338068154
obs_x3_transfer_x1.2,Thompson,mild_left_weak,10,25.394608769266448,5.360052171804932,0.009768479795914602,0.005810187192497827,20.17653580213896,2.078504337770779,0.5000755681232583,0.045471215955044046,0.6212288463014877,0.036289024901976996,-1.4002863562996786,0.12690963346959877,0.1338465535896617,0.06684109438524147,0.8661534464103383,0.06684109438524145,29.716570293360075,5.174358374659473,1.0,0.0,1.0,-38.9318987973367,16.22567617332361,0.7945209620713446,0.09922982888993281,78.5,38.54931906013386,0.7642657088616085,0.06397037846698365,78.5,38.54931906013386,78.5,38.54931906013386,38.9318987973367,-105.84471566726162,43.671134415750274,16.22567617332361
obs_x3_transfer_x1.2,Thompson,severe_left_weak,10,27.13830602287024,6.644252452788614,0.00540971612401042,0.002729857810554202,19.199169472578568,1.550069750756529,0.44427321859170155,0.026580841703557002,0.5957882333793323,0.041420451419095665,-1.436022226350151,0.1282101189666176,0.09863502616024178,0.03835842666006015,0.901364973839758,0.03835842666006014,30.388804150082173,5.4113314152931,1.0,0.0,1.0,-37.98951875299314,12.357769447470341,0.8520688012762223,0.09487983408600843,67.7,28.565888748645648,0.8061297194025995,0.03643520181686748,67.7,28.565888748645648,67.7,28.565888748645648,37.98951875299314,-94.32332441555916,34.34074085354994,12.357769447470341
