scenario,agent,profile,num_runs,guard_delta,safety_margin,action_changed_rate_mean,action_changed_rate_std,avg_async_mean,avg_async_std,avg_constraint_violation_mean,avg_constraint_violation_std,avg_dom_gap_mean,avg_dom_gap_std,avg_fatigue_mean,avg_fatigue_std,avg_fid_mean,avg_fid_std,avg_reward_raw_mean,avg_reward_raw_std,executed_step_cap_violation_rate_mean,executed_step_cap_violation_rate_std,fatigue_overload_rate_mean,fatigue_overload_rate_std,feasible_rate_mean,feasible_rate_std,guard_replacement_rate_mean,guard_replacement_rate_std,independence_gain_mean,independence_gain_std,mastered_mean,mastered_std,mastery_rate,proposed_relaxed_violation_rate_mean,proposed_relaxed_violation_rate_std,proposed_step_cap_violation_rate_mean,proposed_step_cap_violation_rate_std,regret_mean,regret_std,relaxed_execution_rate_mean,relaxed_execution_rate_std,rest_fallback_rate_mean,rest_fallback_rate_std,retention_delta_mean,retention_delta_std,sample_efficiency_mean,sample_efficiency_std,skill_improvement_mean,skill_improvement_std,steps_mean,steps_std,time_to_mastery_mean,time_to_mastery_std,total_reward_mean,total_reward_raw_mean,total_reward_raw_std,total_reward_std
strict_margin_008,PianoMPC,balanced,10,0.08,0.08,0.005,0.015811388300841896,39.49887993263108,3.0360739601774713,0.0021101313890787856,0.0017219382471122448,7.260811190462104,1.3540801271115535,0.4962647900383371,0.02650761959115489,0.6214313616500833,0.013909461349703004,-1.2145422719158034,0.05372595540919729,0.2456707975472278,0.09666376626428257,0.07671710567591575,0.035766960952184505,0.9232828943240842,0.03576696095218451,0.005,0.015811388300841896,21.04594128077634,2.4849609203330285,1.0,0.0,1.0,0.0,0.0,0.25067079754722776,0.09236273516283496,-17.073743687156945,8.43046548564671,0.2456707975472278,0.09666376626428257,0.005,0.015811388300841896,0.3561816897489444,0.04688162869519504,22.5,3.170173496829472,0.48135257938006104,0.029604708233981373,22.5,3.170173496829472,22.5,3.170173496829472,17.073743687156945,-27.232371274388186,3.3184146325720043,8.43046548564671
strict_margin_008,PianoMPC,mild_left_weak,10,0.08,0.08,0.011417582417582419,0.01841252068653032,39.328315746178724,3.332254833345869,0.0031503736263736614,0.002541597722690601,7.636315744013471,0.9000599431676228,0.49638534332334344,0.018461491382651057,0.6105227339931881,0.01200338420970234,-1.2441230910222845,0.06104849732447885,0.2814122544122544,0.08973685148115831,0.09112920412920414,0.0590189150451062,0.9088707958707959,0.059018915045106216,0.011417582417582419,0.01841252068653032,23.30972181701169,3.7880270488079475,1.0,0.0,1.0,0.0,0.0,0.2928298368298369,0.07352549088740296,-21.092401734106087,7.77559477797716,0.2814122544122544,0.08973685148115831,0.011417582417582419,0.01841252068653032,0.4179068223701938,0.0391286511476334,24.2,2.3579652245103193,0.5039088117526721,0.026533102699852554,24.2,2.3579652245103193,24.2,2.3579652245103193,21.092401734106087,-30.06541150894268,2.840356897856655,7.77559477797716
strict_margin_008,PianoMPC,severe_left_weak,10,0.08,0.08,0.006226053639846743,0.013220472932799099,39.85727542815779,4.137699598071276,0.0020207158162537436,0.0016313668865109933,9.60657220176484,1.1103612386243378,0.47084893548349127,0.02532299705481045,0.6095185097349457,0.02791905457541224,-1.3183373889414316,0.07837862459805937,0.28377539523804934,0.06281253165388233,0.07001162155748522,0.04231760655274422,0.9299883784425147,0.042317606552744226,0.006226053639846743,0.013220472932799099,22.11338356410003,4.320889820081899,1.0,0.0,1.0,0.0,0.0,0.29000144887789603,0.06205696115486545,-29.734057106054983,13.637625923793816,0.28377539523804934,0.06281253165388233,0.006226053639846743,0.013220472932799099,0.5526732227994315,0.08162418660744851,33.6,8.224354077980836,0.5611148388638753,0.03381368640388768,33.6,8.224354077980836,33.6,8.224354077980836,29.734057106054983,-43.73378663084269,8.821645605945656,13.637625923793816
strict_margin_008,BayesianMAB,balanced,10,0.08,0.08,0.15244782705195592,0.06570440685540137,30.65173973173062,3.2381515745715532,0.0048957295226703095,0.0036538299883379388,7.768931015975257,1.5329647475385835,0.4862664163740071,0.10575661507515813,0.5461554006690484,0.04461735278984365,-1.2453586733816269,0.0917245811856358,0.19025019936204146,0.08306121495189027,0.09028597650081316,0.053260047283634246,0.9097140234991867,0.053260047283634246,0.15244782705195592,0.06570440685540137,28.629634723442727,3.121886799378601,1.0,0.0,1.0,0.09522585853348103,0.047218810369520046,0.34269802641399744,0.13956571049513736,-22.41165447536978,9.773428868274873,0.19025019936204146,0.08306121495189027,0.15244782705195592,0.06570440685540137,0.47142545867477825,0.10822216990286006,29.2,5.844655678480984,0.5854997876151562,0.09345836074841957,29.2,5.844655678480984,29.2,5.844655678480984,22.41165447536978,-36.123398597298305,6.609415346614495,9.773428868274873
strict_margin_008,BayesianMAB,mild_left_weak,10,0.08,0.08,0.15553077935905177,0.07024550456678222,27.135230069597092,4.879426700416356,0.003835871717015085,0.0040041574103259125,8.362896700399283,1.0338536078855214,0.4524729858424371,0.09835533656548467,0.5533222880020234,0.05481469187270705,-1.2094419841544377,0.14770873176292465,0.18017576028642296,0.11094998425199902,0.08591037026139589,0.07207294369165616,0.9140896297386041,0.07207294369165614,0.15553077935905177,0.07024550456678222,27.810024425402396,4.400846244430164,1.0,0.0,1.0,0.1060459812246948,0.04989869628562396,0.3330749606981063,0.1590991601599035,-29.264823210464392,9.043154124284193,0.17754418133905453,0.11046113549302464,0.15553077935905177,0.07024550456678222,0.5684255017587494,0.12437230932195285,33.3,9.960421677820674,0.6510962520153474,0.09549805039127698,33.3,9.960421677820674,33.3,9.960421677820674,29.264823210464392,-39.662743171230815,9.581624533556287,9.043154124284193
strict_margin_008,BayesianMAB,severe_left_weak,10,0.08,0.08,0.14787841015348396,0.06695229260236238,31.090761081230944,2.2924397327879933,0.002836495746735322,0.0021001731240942057,8.861519700238146,1.3960209794698253,0.37130319394935607,0.06896333028214001,0.5191017883538753,0.029425976563499136,-1.327902030038828,0.08974201292516323,0.15347911786730278,0.07388821634779977,0.07116389936412977,0.040931508249124164,0.9288361006358702,0.04093150824912416,0.14787841015348396,0.06695229260236238,25.556831445965187,3.6640352835464953,1.0,0.0,1.0,0.09267800643274039,0.05274514809712574,0.2960943701260499,0.12177037941868576,-33.79005696084677,9.390563186319817,0.14821595997256592,0.06673592820500915,0.14787841015348396,0.06695229260236238,0.6084971725223103,0.1129905506428662,35.4,9.531002045955084,0.6706950586544843,0.07259064102219609,35.4,9.531002045955084,35.4,9.531002045955084,33.79005696084677,-46.65617793715985,11.835515508583944,9.390563186319817
strict_margin_008,CCB-DF,balanced,10,0.08,0.08,0.28256855148831783,0.008771291722235598,30.65782116197081,6.155422069815418,0.004519411952373002,0.0035078547905202104,8.003803924963382,1.86384097968534,0.5208066732913323,0.031472230779161836,0.5009208931814155,0.04615320372330406,-1.3376004588940809,0.12595066346587713,0.15327206941663812,0.06314189028800624,0.09148733402439849,0.045161658612137986,0.9085126659756014,0.045161658612137986,0.28256855148831783,0.008771291722235598,28.843752107401407,4.255111226464398,1.0,0.0,1.0,0.13500287895925986,0.03971968975834259,0.4336183986827337,0.05803106644227196,-40.19441565367298,13.97555726712568,0.1510498471944159,0.0634429235646649,0.28256855148831783,0.008771291722235598,0.5834550436372614,0.12375028532267,42.3,11.4109596441316,0.6560413486376856,0.07997684818016626,42.3,11.4109596441316,42.3,11.4109596441316,40.19441565367298,-55.29285255786628,10.620974043914707,13.97555726712568
strict_margin_008,CCB-DF,mild_left_weak,10,0.08,0.08,0.2955496235872082,0.006675526134743143,32.8188269594146,4.239684782922525,0.004185590148531907,0.0025196911791902604,7.9683412006092125,1.0402944489669963,0.4676128652998555,0.023162750227315097,0.4814214662753198,0.03641979500872443,-1.395021156372912,0.11782728756001731,0.12945235230096105,0.0456824213039821,0.09152871320999262,0.03501396920636118,0.9084712867900073,0.0350139692063612,0.2955496235872082,0.006675526134743143,26.534928032887812,4.5899301774104515,1.0,0.0,1.0,0.12336047619466999,0.04160900499340449,0.42304119157444375,0.03937800285548146,-43.31674512373328,9.17530848373676,0.12749156798723557,0.04283714106606329,0.2955496235872082,0.006675526134743143,0.6260448179727023,0.09436232964453034,42.9,7.38173421358423,0.6708148345715824,0.0684701745314925,42.9,7.38173421358423,42.9,7.38173421358423,43.31674512373328,-59.142469523196795,7.131108761070103,9.17530848373676
strict_margin_008,CCB-DF,severe_left_weak,10,0.08,0.08,0.2966855547948556,0.006803886779037228,32.10216400953263,4.171317776992051,0.005086817535433793,0.0024496522288953125,9.44659805105439,1.021029809312751,0.4320795931032938,0.023731507319760772,0.4892150213610666,0.03173348166555273,-1.4167694261501724,0.09228304654236728,0.17074471372904163,0.06029072278057302,0.09007020241767946,0.031222516524136067,0.9099297975823205,0.03122251652413606,0.2966855547948556,0.006803886779037228,25.410658273457294,3.757621803312071,1.0,0.0,1.0,0.13792615091634247,0.0370970040474975,0.45691211399546666,0.052136448315251153,-45.189542452521536,10.858947237102663,0.1602265592006111,0.051210206724516434,0.2966855547948556,0.006803886779037228,0.7203324156765849,0.08891670256588767,47.6,8.499411744350311,0.7275793303163532,0.05669390916621214,47.6,8.499411744350311,47.6,8.499411744350311,45.189542452521536,-66.71128650206113,8.20846599527922,10.858947237102663
strict_margin_008,LinUCB,balanced,10,0.08,0.08,0.1446653463675613,0.023719552229439132,29.521088384414753,4.598791010773444,0.0002718713278495902,0.0004219763121291591,7.474355356158567,0.9872123291307657,0.49172144328424466,0.012334896673355208,0.5145965307832787,0.023917553692729323,-1.2853355415031715,0.0741255416174994,0.07437883100150182,0.051585013549549405,0.01399497323410367,0.01780433275725757,0.9860050267658964,0.01780433275725756,0.1446653463675613,0.023719552229439132,28.178467011857805,3.0902377030399633,1.0,0.0,1.0,0.0,0.0,0.2190441773690631,0.061149964799363264,-40.30461094116539,10.545625602958866,0.07437883100150182,0.051585013549549405,0.1446653463675613,0.023719552229439132,0.5991691050235618,0.0956102424009871,41.3,8.331266410336427,0.665447642213286,0.0631046008981926,41.3,8.331266410336427,41.3,8.331266410336427,40.30461094116539,-52.617531530716704,8.949764482798443,10.545625602958866
strict_margin_008,LinUCB,mild_left_weak,10,0.08,0.08,0.15021575171089424,0.03850273424454103,31.03232905507746,4.606411586740625,6.666666666666672e-05,0.0002000000000000002,9.001162218107625,1.3995709344774105,0.4494654711162235,0.015063203524651464,0.5046998907297088,0.038028295599746194,-1.3622307400179792,0.12294590562358904,0.07606137677044851,0.028166284062951016,0.0022222222222222222,0.006666666666666667,0.9977777777777778,0.006666666666666677,0.15021575171089424,0.03850273424454103,27.81682544499882,3.810428302044549,1.0,0.0,1.0,0.0,0.0,0.22627712848134274,0.03482280331022835,-40.281342563973354,12.198395102437091,0.07606137677044851,0.028166284062951016,0.15021575171089424,0.03850273424454103,0.6274010357403136,0.1168756462873403,42.6,11.056219968868204,0.6758863405669344,0.07655381210995087,42.6,11.056219968868204,42.6,11.056219968868204,40.281342563973354,-56.737542073897274,9.396164819998273,12.198395102437091
strict_margin_008,LinUCB,severe_left_weak,10,0.08,0.08,0.12859652273822778,0.030387367831411338,29.132360561601832,3.244185294656271,0.00016702408702408677,0.0002668108289231826,8.86391809779621,1.3441854966072933,0.4084182867094503,0.010649222756038081,0.5162361256298794,0.02431084855272919,-1.3208471087614397,0.07122342689540512,0.07190823619971086,0.04480342292310025,0.007676443926443927,0.009423833561475432,0.9923235560735562,0.00942383356147544,0.12859652273822778,0.030387367831411338,29.51267547704102,3.347513730220336,1.0,0.0,1.0,0.0,0.0,0.20050475893793865,0.06664054571462351,-47.5278271779595,7.50037201260215,0.07190823619971086,0.04480342292310025,0.12859652273822778,0.030387367831411338,0.7680092813398696,0.08174852248192478,50.7,7.000714249274855,0.7534197972753214,0.04834778533753481,50.7,7.000714249274855,50.7,7.000714249274855,47.5278271779595,-66.56416593919826,7.1679142351141145,7.50037201260215
strict_margin_008,Thompson,balanced,10,0.08,0.08,0.2260539062657012,0.018794978423992404,27.33151591754332,4.713196154084759,0.0037853168886635958,0.0028927786888652248,8.068805164238885,1.550966196635267,0.5063538100604317,0.04167540699511407,0.5445246838773988,0.024265502006183135,-1.2252714828939675,0.09407609898552848,0.15583647622609925,0.07870758547128683,0.07382756119384112,0.045521196613922295,0.9261724388061587,0.04552119661392229,0.2260539062657012,0.018794978423992404,25.74810843481233,3.285883589608918,1.0,0.0,1.0,0.10817652299554219,0.04527597727912627,0.3797627229173324,0.08661653323364493,-31.43263183868524,12.333065189910304,0.15370881665163116,0.07661843562715583,0.2260539062657012,0.018794978423992404,0.5861686168091105,0.1078203043327348,39.8,8.49470423263812,0.6656589057979302,0.07314043184394468,39.8,8.49470423263812,39.8,8.49470423263812,31.43263183868524,-48.32231745012503,9.200699945516726,12.333065189910304
strict_margin_008,Thompson,mild_left_weak,10,0.08,0.08,0.22792861544843604,0.01626211347866327,28.895237276793416,4.993816202690823,0.0046884890811236726,0.0036282088491284693,8.727802951765948,1.2334117987566453,0.4832696469984765,0.024819466139204275,0.5364517010913051,0.03747754194764952,-1.279132480435458,0.13892647116335996,0.18320690418884952,0.05965089338251537,0.10181723372361444,0.0501892876499329,0.8981827662763855,0.0501892876499329,0.22792861544843604,0.01626211347866327,27.261148956497816,5.522138962440739,1.0,0.0,1.0,0.13021275416500344,0.03846851657636608,0.40716539385112205,0.06012894653643214,-33.8447061249603,13.326912726769862,0.179236778402686,0.05898706786251865,0.22792861544843604,0.01626211347866327,0.6804126440217985,0.11329320340066686,43.0,7.912016177940993,0.7260950442822112,0.07698052652945765,43.0,7.912016177940993,43.0,7.912016177940993,33.8447061249603,-53.99492700750975,5.917843060212266,13.326912726769862
strict_margin_008,Thompson,severe_left_weak,10,0.08,0.08,0.24229257768501955,0.033767685792045955,32.61773461807119,3.683055271091094,0.0028629952627045644,0.0027017061074980048,9.60265775887209,1.0056743361568294,0.42067012269760823,0.02843506538192458,0.5059631965651971,0.028182521271498874,-1.393668474155619,0.08291738634618312,0.1481542354071424,0.06683889248119064,0.0568717700258398,0.0456794847574799,0.9431282299741601,0.045679484757479884,0.24229257768501955,0.033767685792045955,27.64746647160326,5.530477531954425,1.0,0.0,1.0,0.10912273073610283,0.04108356607989798,0.38534345391903535,0.05823570813776744,-33.20936969300762,9.418333988758636,0.14305087623401577,0.058891168814021407,0.24229257768501955,0.033767685792045955,0.6593633384972348,0.10567334279734374,38.5,7.592759709091286,0.6891188088557805,0.0707243152202734,38.5,7.592759709091286,38.5,7.592759709091286,33.20936969300762,-53.20132939094564,8.400683972110146,9.418333988758636
strict_margin_008,Safe-AC,balanced,10,0.08,0.08,0.18239289203523718,0.03054941412733658,29.762046345310647,2.7770449960173678,0.0044533628140502905,0.0031528897439391467,7.736521704922613,0.7850095127028952,0.48472696551546673,0.062233406094968934,0.5455824431780052,0.009311275194262704,-1.2403798650162592,0.05382732254181258,0.15609287264322952,0.06522616577172695,0.07738962379642253,0.04412842997473066,0.9226103762035776,0.044128429974730675,0.18239289203523718,0.03054941412733658,28.028373122044126,2.533615373805736,1.0,0.0,1.0,0.0861216115981778,0.04403429321112591,0.3327668104301007,0.0761153569350379,-27.70386754293933,10.621070340844991,0.1503739183948635,0.057468549253870786,0.18239289203523718,0.03054941412733658,0.5344278505515675,0.07449189180211072,33.5,6.103277807866851,0.6368686736212384,0.045429363356998174,33.5,6.103277807866851,33.5,6.103277807866851,27.70386754293933,-41.35184096131035,6.814848669009921,10.621070340844991
strict_margin_008,Safe-AC,mild_left_weak,10,0.08,0.08,0.19602535820625086,0.03255363272987035,30.057233855277836,3.542396441596806,0.004744712948528447,0.004033759689319663,8.813080949482664,1.0882939402932787,0.4687773604301534,0.044835649700858425,0.5292032388427569,0.027791205123274057,-1.301337483159056,0.09707687393836113,0.17296335291181458,0.10527846537128013,0.09083226886491307,0.06652876043715532,0.909167731135087,0.06652876043715532,0.19602535820625086,0.03255363272987035,27.320358848137012,4.0330417557561145,1.0,0.0,1.0,0.10333176358720593,0.05055913079520449,0.3577951079732428,0.11560119167947022,-31.63321446788761,13.06275521541593,0.16176974976699193,0.09546297075373361,0.19602535820625086,0.03255363272987035,0.6015211444390004,0.11451166877401917,37.6,9.614572273377531,0.6684614280869989,0.08097148909581368,37.6,9.614572273377531,37.6,9.614572273377531,31.63321446788761,-48.620433916730136,11.26751895205369,13.06275521541593
strict_margin_008,Safe-AC,severe_left_weak,10,0.08,0.08,0.19964904322926016,0.04889021592868233,27.840397390108723,3.91968561410646,0.004623527939113651,0.003231002341482611,9.021840349981222,0.973129905777343,0.42798769810293064,0.04009795889850479,0.5507470556098528,0.034829437639845584,-1.2532321515842624,0.10965147560520304,0.16780223566311778,0.08760858706210128,0.08434359837603465,0.04048084565301424,0.9156564016239652,0.04048084565301424,0.19964904322926016,0.04889021592868233,27.567050778756006,3.0269252292391045,1.0,0.0,1.0,0.11352496600345414,0.048507945188178254,0.36745127889237794,0.0982986798462716,-40.79075294830248,13.072562408737516,0.16780223566311778,0.08760858706210128,0.19964904322926016,0.04889021592868233,0.7563013914015781,0.08688973595600491,47.8,12.781236246936365,0.755331016393515,0.04730513499390571,47.8,12.781236246936365,47.8,12.781236246936365,40.79075294830248,-58.69464460887851,10.723093183873912,13.072562408737516
strict_delta005_margin010,PianoMPC,balanced,10,0.05,0.1,0.015176529790660226,0.019819724226853876,38.120640311760724,2.9176224658942465,0.00149115811783652,0.0015604500594697172,8.236970354863503,0.7239100474552073,0.49304313043816583,0.022641430148155128,0.6338409944955217,0.01686876122268307,-1.2078861181589404,0.05209995551155732,0.2233741813150381,0.08431890851989235,0.04627083925357582,0.04411847677872672,0.9537291607464242,0.04411847677872671,0.015176529790660226,0.019819724226853876,20.48276845672148,2.316405158447832,1.0,0.0,1.0,0.0,0.0,0.23855071110569837,0.08123710565828789,-18.55071144397072,4.089185612505669,0.2233741813150381,0.08431890851989235,0.015176529790660226,0.019819724226853876,0.37814697632006566,0.055713572732093986,24.5,3.8794329482541645,0.4712045016902879,0.03636975743784058,24.5,3.8794329482541645,24.5,3.8794329482541645,18.55071144397072,-29.592567337677025,4.785341436973096,4.089185612505669
strict_delta005_margin010,PianoMPC,mild_left_weak,10,0.05,0.1,0.005827702702702703,0.012326130788824049,39.941087761226015,3.7463520164028616,0.003950828734578786,0.0020799040453805483,7.828936377039705,1.255707539804077,0.5130235510998014,0.01674043881430925,0.6073359580016731,0.027742431931763237,-1.2675023045758433,0.06521894869062855,0.35907272532272533,0.06049176202616386,0.10481836544336545,0.03445077875035018,0.8951816345566346,0.03445077875035015,0.005827702702702703,0.012326130788824049,21.283922667920333,3.873678830434246,1.0,0.0,1.0,0.0,0.0,0.36490042802542805,0.058663365494800154,-23.18095556971615,6.418298200760286,0.35907272532272533,0.06049176202616386,0.005827702702702703,0.012326130788824049,0.4551785333509333,0.09167296291288136,28.2,7.2636079189339515,0.5150162019631994,0.04743372993741056,28.2,7.2636079189339515,28.2,7.2636079189339515,23.18095556971615,-35.35808145962799,7.707576716877948,6.418298200760286
strict_delta005_margin010,PianoMPC,severe_left_weak,10,0.05,0.1,0.02175531914893617,0.030291895778620306,39.97036176743925,2.7420351894158967,0.0034474326963657535,0.003113491057682641,9.096131137797798,1.3576282784054963,0.4675396332628411,0.0270545448424899,0.596472221640396,0.01991931250272929,-1.3241110661631077,0.06324821929681743,0.29125641091225524,0.09643995923423411,0.08513003072743157,0.06287537102296119,0.9148699692725686,0.0628753710229612,0.02175531914893617,0.030291895778620306,20.85450702603661,4.331415797043356,1.0,0.0,1.0,0.0,0.0,0.3130117300611915,0.0856410995643648,-26.644942792171264,9.443072870830354,0.2845531142089585,0.08472640577622448,0.02175531914893617,0.030291895778620306,0.5253961261320195,0.06260525986742851,31.2,7.180529228406497,0.5490779016378068,0.026151325974859724,31.2,7.180529228406497,31.2,7.180529228406497,26.644942792171264,-41.0129247149125,8.010303285087717,9.443072870830354
strict_delta005_margin010,BayesianMAB,balanced,10,0.05,0.1,0.14875988191937262,0.051659676530839534,28.408534837097005,5.447672263880554,0.001992985474438784,0.002918009844915016,8.046705976028385,1.4972398653160355,0.4489628516732574,0.10532494580114463,0.5585407647934262,0.05597937881119269,-1.2037716076112832,0.14750980920011345,0.14596866507323586,0.09905353427721005,0.03716506319562347,0.04330052058073696,0.9628349368043766,0.04330052058073695,0.14875988191937262,0.051659676530839534,26.211723955848907,2.423541266104538,1.0,0.0,1.0,0.09390287068134306,0.06461236487994912,0.28887669514075665,0.13992146114345508,-27.589770049262416,9.085505839243268,0.14011681322138403,0.09141834137430982,0.14875988191937262,0.051659676530839534,0.4750718832572545,0.12481536406659045,30.1,10.054352291420866,0.5981399405492607,0.09585754849330688,30.1,10.054352291420866,30.1,10.054352291420866,27.589770049262416,-35.487830072365945,9.966749782778832,9.085505839243268
strict_delta005_margin010,BayesianMAB,mild_left_weak,10,0.05,0.1,0.1501171995718908,0.0692673078376195,31.796378057063027,5.408334173601772,0.0024102709232861627,0.0028497604945846764,9.020240933964747,1.5307474770022649,0.4394719603788257,0.07635761027137936,0.5474541547177283,0.048785203996751896,-1.2970258298586348,0.15290669667553997,0.18179623515228968,0.09462590772622494,0.05501504315858767,0.05462907673898592,0.9449849568414124,0.05462907673898595,0.1501171995718908,0.0692673078376195,27.87334442438211,4.629810733605811,1.0,0.0,1.0,0.09054397796178068,0.045113213536110155,0.3319134347241805,0.1506476315760495,-28.470191020265684,5.65416288036942,0.18179623515228968,0.09462590772622494,0.1501171995718908,0.0692673078376195,0.5404002401617494,0.11935100415531981,33.8,9.206519429187123,0.6085387971937225,0.08941761040453618,33.8,9.206519429187123,33.8,9.206519429187123,28.470191020265684,-42.86269155169555,8.363677710853825,5.65416288036942
strict_delta005_margin010,BayesianMAB,severe_left_weak,10,0.05,0.1,0.11975070563417836,0.06102236755689538,32.09571733295491,4.7937035591787405,0.0016976026921950785,0.002046759428604309,9.092840467049966,1.116330183302711,0.3543965827231484,0.10125081669791167,0.5081140640381219,0.0562841312000639,-1.3621804423906447,0.13558498828567436,0.147548713362106,0.09847891796454197,0.04396646931973018,0.04641270542717961,0.9560335306802697,0.0464127054271796,0.11975070563417836,0.06102236755689538,25.686784904512706,4.860409744769905,1.0,0.0,1.0,0.08530140937996221,0.04258803721449879,0.2672994189962844,0.15462282122327015,-27.51999949523904,12.35044891828901,0.147548713362106,0.09847891796454197,0.11975070563417836,0.06102236755689538,0.5723862950886776,0.10658397613825765,32.2,6.6000000000000005,0.6496708067141655,0.09387069040768536,32.2,6.6000000000000005,32.2,6.6000000000000005,27.51999949523904,-43.818279828899946,9.560452410828127,12.35044891828901
strict_delta005_margin010,CCB-DF,balanced,10,0.05,0.1,0.28519922368796774,0.006415864903879657,30.139796829075657,4.40627004176275,0.0011261394558954192,0.0006410521691295176,7.151423368732094,0.7804853415536819,0.494896505668482,0.02081861151909397,0.5138518884622523,0.0397463747718875,-1.2884637959206207,0.11205713987457498,0.10522094596270767,0.046445821055604915,0.048096712285818785,0.03366233683502439,0.9519032877141813,0.03366233683502437,0.28519922368796774,0.006415864903879657,29.025288956260738,3.420507698673074,1.0,0.0,1.0,0.13877527117875604,0.03234902681256828,0.39042016965067544,0.046587623342414126,-41.70389243072672,16.104262009561896,0.10522094596270767,0.046445821055604915,0.28519922368796774,0.006415864903879657,0.6195888944323242,0.09817616858832066,44.6,9.656086163658648,0.6767790944458991,0.0608824366243258,44.6,9.656086163658648,44.6,9.656086163658648,41.70389243072672,-56.48307413711549,8.177598299171477,16.104262009561896
strict_delta005_margin010,CCB-DF,mild_left_weak,10,0.05,0.1,0.2936380097349759,0.004264389873023553,29.752322332371257,4.416933963619872,0.00230650437237417,0.0021059490101660483,8.763822868764635,0.9619838793385304,0.44398246390788687,0.015032353856358817,0.5039599655541542,0.029517723272722056,-1.3441526585831982,0.09246340541043564,0.10997120928707468,0.03199788133786809,0.051239947485345515,0.01826241086088725,0.9487600525146546,0.018262410860887254,0.2936380097349759,0.004264389873023553,28.837183604622822,3.609520625384275,1.0,0.0,1.0,0.13419345385598092,0.03468103759820197,0.4036092190220505,0.03392319919922264,-42.81694781213746,8.116078559414136,0.10997120928707468,0.03199788133786809,0.2936380097349759,0.004264389873023553,0.6771124786217861,0.07566487481539795,46.3,6.708949247087803,0.7074884581359276,0.05352537445329046,46.3,6.708949247087803,46.3,6.708949247087803,42.81694781213746,-61.671564074772185,5.54421077299464,8.116078559414136
strict_delta005_margin010,CCB-DF,severe_left_weak,10,0.05,0.1,0.30056720488681044,0.006536448813251089,33.11228277772113,4.212759687156916,0.0018741858806892088,0.0013415117915354924,9.379548409370711,0.9369590267241427,0.4084170465275429,0.022561271706749205,0.4754897660827847,0.04638058311357367,-1.4467223569571768,0.1060838461870884,0.14341121556357195,0.040159207584486274,0.058288567761310126,0.020966103121403484,0.9417114322386897,0.020966103121403488,0.30056720488681044,0.006536448813251089,25.48582746621279,6.736233469965992,1.0,0.0,1.0,0.13304355983392008,0.04004928973781797,0.4439784204503823,0.04010455864494108,-42.45169800049954,13.260393000130025,0.14341121556357195,0.040159207584486274,0.30056720488681044,0.006536448813251089,0.6846597037431045,0.11258283657220242,45.3,9.4451045520947,0.7007811031135478,0.08119978739223369,45.3,9.4451045520947,45.3,9.4451045520947,42.45169800049954,-64.6188160649605,9.567667317679225,13.260393000130025
strict_delta005_margin010,LinUCB,balanced,10,0.05,0.1,0.1570243399429277,0.05466044209405936,28.27645163912073,4.68285736016154,0.0001097959183673478,0.00022140703365582283,7.721312812119497,1.4376473229475057,0.48416003910342703,0.021685549474945057,0.5290085265658144,0.03165262837853303,-1.2552644852607124,0.11313651375840289,0.09346866124760152,0.06893877095129901,0.007755102040816327,0.017551020408163264,0.9922448979591836,0.017551020408163275,0.1570243399429277,0.05466044209405936,29.335901214504418,2.9146790639633013,1.0,0.0,1.0,0.0,0.0,0.25049300119052925,0.06294987186389701,-40.09093163326803,8.693042142582057,0.09346866124760152,0.06893877095129901,0.1570243399429277,0.05466044209405936,0.6104007960748684,0.08492420421928903,42.8,8.646386528486914,0.6736213782285484,0.04744939008637387,42.8,8.646386528486914,42.8,8.646386528486914,40.09093163326803,-52.992741032631876,7.616552721088306,8.693042142582057
strict_delta005_margin010,LinUCB,mild_left_weak,10,0.05,0.1,0.1411043713854018,0.050291583096922304,28.830541977398354,4.992327107276308,6.190476190476196e-05,0.00018571428571428585,8.353562800288408,0.7833883713693492,0.4352037786526076,0.023915315620031376,0.5240050128579126,0.03629211812784893,-1.2887500872798177,0.11273924458283323,0.09571996049747807,0.028084982009917006,0.0015873015873015873,0.004761904761904762,0.9984126984126984,0.004761904761904745,0.1411043713854018,0.050291583096922304,27.92236847374893,4.427893992813986,1.0,0.0,1.0,0.0,0.0,0.23682433188287985,0.047223675201129585,-41.54076541539014,14.01721066951104,0.09571996049747807,0.028084982009917006,0.1411043713854018,0.050291583096922304,0.6718792212852536,0.12501819875550998,47.1,12.445481107614922,0.7019580193139523,0.07432164908849646,47.1,12.445481107614922,47.1,12.445481107614922,41.54076541539014,-59.44928542601083,11.376045781600581,14.01721066951104
strict_delta005_margin010,LinUCB,severe_left_weak,10,0.05,0.1,0.14886429803666465,0.025874474653623702,30.714976662649036,4.428775014719074,0.00011030812324929897,0.0001875819744852943,9.145900620514105,0.7315418114423973,0.38855376383819096,0.016967046659603816,0.5082531097246119,0.03718992713228861,-1.3602249606979488,0.11219283715429523,0.10307301112020675,0.050701725008370425,0.009425770308123249,0.012063052122014665,0.9905742296918767,0.012063052122014674,0.14886429803666465,0.025874474653623702,29.13401642890139,2.998994815292901,1.0,0.0,1.0,0.0,0.0,0.25193730915687135,0.03392218450700872,-47.107573621809514,15.13263816676172,0.10307301112020675,0.050701725008370425,0.14886429803666465,0.025874474653623702,0.7458816428878754,0.11428925198788795,49.8,11.399999999999999,0.7514486886781623,0.0740863405488864,49.8,11.399999999999999,49.8,11.399999999999999,47.107573621809514,-66.48921092614636,9.803688843466277,15.13263816676172
strict_delta005_margin010,Thompson,balanced,10,0.05,0.1,0.23193927669159908,0.019592685563139273,26.42969956646295,5.579398758778677,0.0028620058397038164,0.0018765758903326022,7.923175909706522,0.885569618737854,0.5061784157592635,0.02976890843947344,0.5527668706764505,0.033174889199586034,-1.200956798560083,0.12128962910472882,0.16994261033567426,0.05638178938510565,0.06642632793677859,0.04022901778548668,0.9335736720632214,0.040229017785486675,0.23193927669159908,0.019592685563139273,29.900046662276953,3.2625412287379683,1.0,0.0,1.0,0.1166312941490892,0.03774043592406939,0.3976571483513151,0.059843976176294125,-37.775868315302624,11.710959909523012,0.16571787165971608,0.05511879055791985,0.23193927669159908,0.019592685563139273,0.6531562769893804,0.09721525907048159,45.2,9.61041102138717,0.7209599011936743,0.05715566905662864,45.2,9.61041102138717,45.2,9.61041102138717,37.775868315302624,-53.34627293335755,8.268360726537793,11.710959909523012
strict_delta005_margin010,Thompson,mild_left_weak,10,0.05,0.1,0.22698232971138083,0.023124407664803694,31.800660214367003,3.3221781733751405,0.0021416284123492784,0.001826648946219819,7.785734323662753,0.655057538005642,0.4649922942150869,0.04588608990331637,0.5122268745518166,0.02738050375498247,-1.3203286012168414,0.07148687354730127,0.16971063467738515,0.1093367165831941,0.06650960397248476,0.06092718159096387,0.9334903960275153,0.060927181590963865,0.22698232971138083,0.023124407664803694,26.501535067706772,4.095686832797498,1.0,0.0,1.0,0.1379105609365513,0.03784606705927169,0.39669296438876595,0.11454338140829184,-29.533895794086362,6.871163088814297,0.16971063467738515,0.1093367165831941,0.22698232971138083,0.023124407664803694,0.5699326395240498,0.11802050784793237,35.1,8.154140052758475,0.6562118004603615,0.08829019315288669,35.1,8.154140052758475,35.1,8.154140052758475,29.533895794086362,-45.81455234620972,8.417864855463552,6.871163088814297
strict_delta005_margin010,Thompson,severe_left_weak,10,0.05,0.1,0.2493013200927933,0.017653227484629944,27.101567163046827,3.871699429708899,0.00229544830477202,0.0019267995632278353,9.351204024712725,0.6919233176932073,0.4125222943324388,0.02782770616619022,0.5331077703784779,0.02998180216610021,-1.279713446531472,0.0792327143003886,0.18731931715813224,0.0795280101089514,0.058710558425527505,0.03202252530529632,0.9412894415744726,0.03202252530529631,0.2493013200927933,0.017653227484629944,28.827224811821885,3.098316629286271,1.0,0.0,1.0,0.1319922657922553,0.0341966918150024,0.43662063725092554,0.07155336358521064,-39.385290402122735,11.858350970037181,0.18731931715813224,0.0795280101089514,0.2493013200927933,0.017653227484629944,0.7519493097647053,0.108408377998046,48.1,10.802314566795397,0.7657510049759165,0.0756043486642096,48.1,10.802314566795397,48.1,10.802314566795397,39.385290402122735,-60.78895627589644,10.954187626752494,11.858350970037181
strict_delta005_margin010,Safe-AC,balanced,10,0.05,0.1,0.19030642539930465,0.026248269960340354,27.24563210982052,3.6945571551756666,0.0011768702094398715,0.0014653705730671227,7.614996741259718,0.9904726132443179,0.4713151547544891,0.03549903140063672,0.555765616591523,0.027514561597001747,-1.1894208089988838,0.08373773773507165,0.12330000943004041,0.05809885318232678,0.04091956839634858,0.03623613328844529,0.9590804316036514,0.036236133288445306,0.19030642539930465,0.026248269960340354,29.097796506615076,2.8705942230315107,1.0,0.0,1.0,0.11042239054622956,0.03578957687722239,0.3136064348293451,0.0806883998521449,-30.63557049881131,7.835229176044155,0.12330000943004041,0.05809885318232678,0.19030642539930465,0.026248269960340354,0.5468275382047865,0.12050572917413888,36.9,12.700000000000001,0.6394410083434864,0.0839407813503051,36.9,12.700000000000001,36.9,12.700000000000001,30.63557049881131,-43.253711386715935,12.48145082239595,7.835229176044155
strict_delta005_margin010,Safe-AC,mild_left_weak,10,0.05,0.1,0.19776498462599595,0.027223771862965086,28.892638021735088,3.723925042865847,0.0018450473433253762,0.0018697658634766912,8.43937298462584,1.5216264616008894,0.4179828123219698,0.0509694005395519,0.5389145936449464,0.019483176125598342,-1.261019174112779,0.059681486995662766,0.13473459988433084,0.08512259252685674,0.036869768294253424,0.038069066634067866,0.9631302317057464,0.038069066634067866,0.19776498462599595,0.027223771862965086,26.225748587284215,3.1047499612633445,1.0,0.0,1.0,0.09559107473949544,0.0460652721979046,0.33027736228810456,0.10333098587522647,-32.71076803586623,11.59304685014265,0.1325123776621086,0.08217944672708176,0.19776498462599595,0.027223771862965086,0.5948790885641035,0.09983201270793846,36.8,7.66550715869472,0.6523136161001428,0.06974551050746969,36.8,7.66550715869472,36.8,7.66550715869472,32.71076803586623,-46.084410495156774,8.317990742744982,11.59304685014265
strict_delta005_margin010,Safe-AC,severe_left_weak,10,0.05,0.1,0.21879736420475776,0.021157158318172605,30.111946263133838,4.284292831323266,0.0032761209530384277,0.002039810135567807,9.018620213644041,0.5927163960484977,0.43530329992415007,0.03379270428147569,0.5337045147079258,0.04216271549194715,-1.3061712567616268,0.10447435326107239,0.19655037795500058,0.08612533751827425,0.07172840906568208,0.039576513104550036,0.928271590934318,0.039576513104550036,0.21879736420475776,0.021157158318172605,26.80041951230832,3.8130656157820635,1.0,0.0,1.0,0.14887532716283186,0.03136091406420466,0.4121219357081454,0.08690368628025161,-46.12877189344078,11.922114924417503,0.1933245715033877,0.0868513194085073,0.21879736420475776,0.021157158318172605,0.7158666388199222,0.11746720879682811,44.9,12.037026210821342,0.7343293669261387,0.08180355335941669,44.9,12.037026210821342,44.9,12.037026210821342,46.12877189344078,-57.59033085662644,11.74924499435446,11.922114924417503
