agent,profile,seed,W,Hg,delta_guard,step,is_valid_step,action_id,proposed_action_id,env_guard_pass,env_guard_replaced,env_guard_reason,reward,mastery_flag,f_t,window_max,predicted_peak,actual_peak,window_threshold,peak_threshold,agent_guard_pass,std_guard_pass,lambda_t,will_block,violation_window_flag,violation_peak_flag
pianoMPC,mild_left_weak,4099386743,5,5,0.0,0,False,18,18,True,False,safe,0.0,0,0.10400000000000001,0.10400000000000001,,0.212,0.22,0.22,False,True,,False,0,0
pianoMPC,mild_left_weak,4099386743,5,5,0.0,1,False,18,18,True,False,safe,5.0,0,0.158,0.158,,0.212,0.22,0.22,False,True,,False,0,0
pianoMPC,mild_left_weak,4099386743,5,5,0.0,2,False,18,18,True,False,safe,-1.4561877913692136,0,0.212,0.212,,0.212,0.22,0.22,False,True,,False,0,0
pianoMPC,mild_left_weak,4099386743,5,5,0.0,3,False,24,24,True,False,safe,1.7479380277341556,0,0.0,0.212,,0.162,0.22,0.22,True,True,,False,0,0
pianoMPC,mild_left_weak,4099386743,5,5,0.0,4,True,18,18,True,False,safe,0.46587078495541623,0,0.054,0.212,,0.162,0.22,0.22,False,True,,False,0,0
pianoMPC,mild_left_weak,4099386743,5,5,0.0,5,True,18,18,True,False,safe,2.089884838073629,0,0.108,0.212,,0.162,0.22,0.22,False,True,,False,0,0
pianoMPC,mild_left_weak,4099386743,5,5,0.0,6,True,18,18,True,False,safe,0.6855186890079311,0,0.162,0.212,,0.216,0.22,0.22,False,True,,False,0,0
pianoMPC,mild_left_weak,4099386743,5,5,0.0,7,True,24,24,True,False,safe,-0.054627250295239994,0,0.0,0.162,,0.216,0.22,0.22,True,True,,False,0,0
pianoMPC,mild_left_weak,4099386743,5,5,0.0,8,True,18,18,True,False,safe,-0.18414540662089207,0,0.054,0.162,,0.216,0.22,0.22,False,True,,False,0,0
pianoMPC,mild_left_weak,4099386743,5,5,0.0,9,True,18,18,True,False,safe,3.274726432732744,0,0.108,0.162,,0.216,0.22,0.22,False,True,,False,0,0
pianoMPC,mild_left_weak,4099386743,5,5,0.0,10,True,18,18,True,False,relaxed,0.4740366448698598,0,0.162,0.162,,0.216,0.22,0.22,False,True,,False,0,0
pianoMPC,mild_left_weak,4099386743,5,5,0.0,11,True,18,18,True,False,relaxed,0.36826957973540075,0,0.216,0.216,,0.216,0.22,0.22,False,True,,False,0,0
pianoMPC,mild_left_weak,4099386743,5,5,0.0,12,True,24,24,True,False,safe,-0.1755983212836189,0,0.0,0.216,,0.162,0.22,0.22,True,True,,False,0,0
pianoMPC,mild_left_weak,4099386743,5,5,0.0,13,True,18,18,True,False,safe,1.6128881807257593,0,0.054,0.216,,0.162,0.22,0.22,False,True,,False,0,0
pianoMPC,mild_left_weak,4099386743,5,5,0.0,14,True,18,18,True,False,safe,2.476026158901418,0,0.108,0.216,,0.162,0.22,0.22,False,True,,False,0,0
pianoMPC,mild_left_weak,4099386743,5,5,0.0,15,True,18,18,True,False,safe,0.9174427478558023,1,0.162,0.216,,0.162,0.22,0.22,False,True,,False,0,0
pianoMPC,mild_left_weak,4099386743,5,5,0.0,16,True,18,18,True,False,safe,0.0,0,0.10400000000000001,0.162,,0.162,0.22,0.22,False,True,,False,0,0
pianoMPC,mild_left_weak,4099386743,5,5,0.0,17,True,18,18,True,False,safe,-5.0,0,0.158,0.162,,0.216,0.22,0.22,False,True,,False,0,0
pianoMPC,mild_left_weak,4099386743,5,5,0.0,18,True,24,24,True,False,safe,-5.0,0,0.0,0.162,,0.216,0.22,0.22,True,True,,False,0,0
pianoMPC,mild_left_weak,4099386743,5,5,0.0,19,True,18,18,True,False,safe,2.2942317161319603,0,0.054,0.162,,0.216,0.22,0.22,False,True,,False,0,0
pianoMPC,mild_left_weak,4099386743,5,5,0.0,20,True,18,18,True,False,safe,1.0768236243113554,0,0.108,0.158,,0.216,0.22,0.22,False,True,,False,0,0
pianoMPC,mild_left_weak,4099386743,5,5,0.0,21,True,18,18,True,False,safe,0.9522780365660423,0,0.162,0.162,,0.216,0.22,0.22,False,True,,False,0,0
pianoMPC,mild_left_weak,4099386743,5,5,0.0,22,True,18,18,True,False,relaxed,1.9404797016510866,0,0.216,0.216,,0.216,0.22,0.22,False,True,,False,0,0
pianoMPC,mild_left_weak,4099386743,5,5,0.0,23,True,24,18,False,True,rest_fallback,-0.22095858329247903,0,0.0,0.216,,0.108,0.22,0.22,False,True,,False,0,0
pianoMPC,mild_left_weak,4099386743,5,5,0.0,24,True,18,18,True,False,safe,3.521117835116809,0,0.054,0.216,,0.162,0.22,0.22,False,True,,False,0,0
pianoMPC,mild_left_weak,4099386743,5,5,0.0,25,True,18,18,True,False,safe,2.6848487912491543,0,0.108,0.216,,0.216,0.22,0.22,False,True,,False,0,0
pianoMPC,mild_left_weak,4099386743,5,5,0.0,26,True,24,18,False,True,rest_fallback,-0.7819866718388079,0,0.0,0.216,,0.216,0.22,0.22,False,True,,False,0,0
pianoMPC,mild_left_weak,4099386743,5,5,0.0,27,True,18,18,True,False,safe,0.3212505148107251,0,0.054,0.108,,0.216,0.22,0.22,False,True,,False,0,0
pianoMPC,mild_left_weak,4099386743,5,5,0.0,28,True,18,18,True,False,safe,2.382259648735566,0,0.108,0.108,,0.216,0.22,0.22,False,True,,False,0,0
pianoMPC,mild_left_weak,4099386743,5,5,0.0,29,True,18,18,True,False,relaxed,1.0034656124431807,0,0.162,0.162,,0.216,0.22,0.22,False,True,,False,0,0
pianoMPC,mild_left_weak,4099386743,5,5,0.0,30,True,18,18,True,False,safe,1.6355169878089189,0,0.216,0.216,,0.216,0.22,0.22,False,True,,False,0,0
pianoMPC,mild_left_weak,4099386743,5,5,0.0,31,True,24,24,True,False,safe,-0.5458812104497368,0,0.0,0.216,,0.162,0.22,0.22,True,True,,False,0,0
pianoMPC,mild_left_weak,4099386743,5,5,0.0,32,True,18,18,True,False,safe,0.3147908088594819,0,0.054,0.216,,0.212,0.22,0.22,False,True,,False,0,0
pianoMPC,mild_left_weak,4099386743,5,5,0.0,33,True,18,18,True,False,safe,1.8542288846636363,0,0.108,0.216,,0.212,0.22,0.22,False,True,,False,0,0
pianoMPC,mild_left_weak,4099386743,5,5,0.0,34,True,18,18,True,False,safe,1.2198234732022504,1,0.162,0.216,,0.212,0.22,0.22,False,True,,False,0,0
pianoMPC,mild_left_weak,4099386743,5,5,0.0,35,True,18,18,True,False,safe,0.0,0,0.10400000000000001,0.162,,0.212,0.22,0.22,False,True,,False,0,0
pianoMPC,mild_left_weak,4099386743,5,5,0.0,36,True,18,18,True,False,relaxed,5.0,0,0.158,0.162,,0.212,0.22,0.22,False,True,,False,0,0
pianoMPC,mild_left_weak,4099386743,5,5,0.0,37,True,18,18,True,False,relaxed,4.413801265125712,0,0.212,0.212,,0.216,0.22,0.22,False,True,,False,0,0
pianoMPC,mild_left_weak,4099386743,5,5,0.0,38,True,24,18,False,True,rest_fallback,2.1617014519288165,0,0.0,0.212,,0.216,0.22,0.22,False,True,,False,0,0
pianoMPC,mild_left_weak,4099386743,5,5,0.0,39,True,18,18,True,False,safe,-1.096277794777282,0,0.054,0.212,,0.216,0.22,0.22,False,True,,False,0,0
pianoMPC,mild_left_weak,4099386743,5,5,0.0,40,True,18,18,True,False,safe,0.7234917543030674,0,0.108,0.212,,0.216,0.22,0.22,False,True,,False,0,0
pianoMPC,mild_left_weak,4099386743,5,5,0.0,41,True,18,18,True,False,relaxed,1.526724142447553,0,0.162,0.212,,0.216,0.22,0.22,False,True,,False,0,0
pianoMPC,mild_left_weak,4099386743,5,5,0.0,42,True,18,18,True,False,safe,0.8887494337179861,0,0.216,0.216,,0.216,0.22,0.22,False,True,,False,0,0
pianoMPC,mild_left_weak,4099386743,5,5,0.0,43,True,24,24,True,False,safe,-0.5759193024139794,0,0.0,0.216,,0.162,0.22,0.22,True,True,,False,0,0
pianoMPC,mild_left_weak,4099386743,5,5,0.0,44,True,18,18,True,False,safe,1.304379903675156,0,0.054,0.216,,0.162,0.22,0.22,False,True,,False,0,0
pianoMPC,mild_left_weak,4099386743,5,5,0.0,45,True,18,18,True,False,relaxed,1.9330890354281316,0,0.108,0.216,,0.162,0.22,0.22,False,True,,False,0,0
pianoMPC,mild_left_weak,4099386743,5,5,0.0,46,True,18,18,True,False,safe,-0.48755217075812673,0,0.162,0.216,,0.162,0.22,0.22,False,True,,False,0,0
pianoMPC,mild_left_weak,4099386743,5,5,0.0,47,True,24,18,False,True,rest_fallback,0.11405332604438101,0,0.0,0.162,,0.108,0.22,0.22,False,True,,False,0,0
pianoMPC,mild_left_weak,4099386743,5,5,0.0,48,True,18,18,True,False,safe,0.9279029230869998,0,0.054,0.162,,0.162,0.22,0.22,False,True,,False,0,0
pianoMPC,mild_left_weak,4099386743,5,5,0.0,49,True,18,18,True,False,safe,1.3834638121187632,0,0.108,0.162,,0.216,0.22,0.22,False,True,,False,0,0
pianoMPC,mild_left_weak,4099386743,5,5,0.0,50,True,24,18,False,True,rest_fallback,-0.21479733169971638,0,0.0,0.162,,0.216,0.22,0.22,False,True,,False,0,0
pianoMPC,mild_left_weak,4099386743,5,5,0.0,51,True,18,18,True,False,safe,1.7386578250418017,0,0.054,0.108,,0.216,0.22,0.22,False,True,,False,0,0
pianoMPC,mild_left_weak,4099386743,5,5,0.0,52,True,18,18,True,False,safe,1.570933436555205,0,0.108,0.108,,0.216,0.22,0.22,False,True,,False,0,0
pianoMPC,mild_left_weak,4099386743,5,5,0.0,53,True,18,18,True,False,safe,0.8875469308024296,0,0.162,0.162,,0.216,0.22,0.22,False,True,,False,0,0
pianoMPC,mild_left_weak,4099386743,5,5,0.0,54,True,18,18,True,False,relaxed,1.6671940398440783,1,0.216,0.216,,0.216,0.22,0.22,False,True,,False,0,0
pianoMPC,mild_left_weak,4099386743,5,5,0.0,55,True,18,18,True,False,safe,0.0,0,0.10400000000000001,0.216,,0.162,0.22,0.22,False,True,,False,0,0
pianoMPC,mild_left_weak,4099386743,5,5,0.0,56,True,24,18,False,True,rest_fallback,5.0,0,0.0,0.216,,0.162,0.22,0.22,False,True,,False,0,0
pianoMPC,mild_left_weak,4099386743,5,5,0.0,57,True,18,18,True,False,safe,-1.6587108520059677,0,0.054,0.216,,0.162,0.22,0.22,False,True,,False,0,0
pianoMPC,mild_left_weak,4099386743,5,5,0.0,58,True,18,18,True,False,safe,-1.7374391642668539,0,0.108,0.216,,0.162,0.22,0.22,False,True,,False,0,0
pianoMPC,mild_left_weak,4099386743,5,5,0.0,59,True,18,18,True,False,relaxed,0.20315437033306566,0,0.162,0.162,,0.216,0.22,0.22,False,True,,False,0,0
pianoMPC,mild_left_weak,4099386743,5,5,0.0,60,True,24,18,False,True,rest_fallback,1.8437064540462387,0,0.0,0.162,,0.216,0.22,0.22,False,True,,False,0,0
pianoMPC,mild_left_weak,4099386743,5,5,0.0,61,True,18,18,True,False,safe,4.178245671223924,0,0.054,0.162,,0.216,0.22,0.22,False,True,,False,0,0
pianoMPC,mild_left_weak,4099386743,5,5,0.0,62,True,18,18,True,False,safe,-0.13385052177767434,0,0.108,0.162,,0.216,0.22,0.22,False,True,,False,0,0
pianoMPC,mild_left_weak,4099386743,5,5,0.0,63,True,18,18,True,False,relaxed,-0.6948132213057605,0,0.162,0.162,,0.216,0.22,0.22,False,True,,False,0,0
pianoMPC,mild_left_weak,4099386743,5,5,0.0,64,True,18,18,True,False,relaxed,4.010968958204376,0,0.216,0.216,,0.216,0.22,0.22,False,True,,False,0,0
pianoMPC,mild_left_weak,4099386743,5,5,0.0,65,True,24,24,True,False,safe,-0.30191486707074006,0,0.0,0.216,,0.162,0.22,0.22,True,True,,False,0,0
pianoMPC,mild_left_weak,4099386743,5,5,0.0,66,True,18,18,True,False,safe,0.5599811730861614,0,0.054,0.216,,0.162,0.22,0.22,False,True,,False,0,0
pianoMPC,mild_left_weak,4099386743,5,5,0.0,67,True,18,18,True,False,safe,1.2992108015830284,0,0.108,0.216,,0.162,0.22,0.22,False,True,,False,0,0
pianoMPC,mild_left_weak,4099386743,5,5,0.0,68,True,18,18,True,False,safe,2.0350328930800865,0,0.162,0.216,,0.216,0.22,0.22,False,True,,False,0,0
pianoMPC,mild_left_weak,4099386743,5,5,0.0,69,True,24,18,False,True,rest_fallback,0.18607938670976376,0,0.0,0.162,,0.216,0.22,0.22,False,True,,False,0,0
pianoMPC,mild_left_weak,4099386743,5,5,0.0,70,True,18,18,True,False,safe,-0.0027282985073709136,0,0.054,0.162,,0.216,0.22,0.22,False,True,,False,0,0
pianoMPC,mild_left_weak,4099386743,5,5,0.0,71,True,18,18,True,False,safe,3.6611530278050597,0,0.108,0.162,,0.216,0.22,0.22,False,True,,False,0,0
pianoMPC,mild_left_weak,4099386743,5,5,0.0,72,True,18,18,True,False,relaxed,0.3959668741982429,0,0.162,0.162,,0.216,0.22,0.22,False,True,,False,0,0
pianoMPC,mild_left_weak,4099386743,5,5,0.0,73,True,18,18,True,False,safe,2.41290701833452,0,0.216,0.216,,0.216,0.22,0.22,False,True,,False,0,0
pianoMPC,mild_left_weak,4099386743,5,5,0.0,74,True,24,24,True,False,safe,-0.6855799487939683,0,0.0,0.216,,0.162,0.22,0.22,True,True,,False,0,0
pianoMPC,mild_left_weak,4099386743,5,5,0.0,75,True,18,18,True,False,safe,2.167845029352743,0,0.054,0.216,,0.216,0.22,0.22,False,True,,False,0,0
pianoMPC,mild_left_weak,4099386743,5,5,0.0,76,True,24,18,False,True,rest_fallback,-0.9549872208661294,0,0.0,0.216,,0.27,0.22,0.22,False,False,,False,0,1
pianoMPC,mild_left_weak,4099386743,5,5,0.0,77,True,18,18,True,False,safe,1.8007051102674692,0,0.054,0.216,,0.27,0.22,0.22,False,False,,False,0,1
pianoMPC,mild_left_weak,4099386743,5,5,0.0,78,True,18,18,True,False,safe,1.2093896930838788,0,0.108,0.108,,0.27,0.22,0.22,False,False,,False,0,1
pianoMPC,mild_left_weak,4099386743,5,5,0.0,79,True,18,18,True,False,relaxed,0.5168791679643182,0,0.162,0.162,,0.27,0.22,0.22,False,False,,False,0,1
pianoMPC,mild_left_weak,4099386743,5,5,0.0,80,True,18,18,True,False,safe,-0.21606087754767178,0,0.216,0.216,,0.27,0.22,0.22,False,False,,False,0,1
pianoMPC,mild_left_weak,4099386743,5,5,0.0,81,True,18,18,True,False,safe,1.687301586480193,0,0.27,0.27,,0.27,0.22,0.22,False,False,,False,1,1
pianoMPC,mild_left_weak,4099386743,5,5,0.0,82,True,24,24,True,False,safe,-1.3739002101111295,0,0.020000000000000018,0.27,,0.182,0.22,0.22,True,True,,False,1,0
pianoMPC,mild_left_weak,4099386743,5,5,0.0,83,True,18,18,True,False,safe,0.9299398646257386,0,0.07400000000000001,0.27,,0.182,0.22,0.22,False,True,,False,1,0
pianoMPC,mild_left_weak,4099386743,5,5,0.0,84,True,18,18,True,False,safe,1.975860959126236,0,0.128,0.27,,0.182,0.22,0.22,False,True,,False,1,0
pianoMPC,mild_left_weak,4099386743,5,5,0.0,85,True,18,18,True,False,safe,0.9933781920215395,1,0.182,0.27,,0.182,0.22,0.22,False,True,,False,1,0
pianoMPC,mild_left_weak,4099386743,5,5,0.0,86,True,18,18,True,False,relaxed,0.0,0,0.10400000000000001,0.182,,0.162,0.22,0.22,False,True,,False,0,0
pianoMPC,mild_left_weak,4099386743,5,5,0.0,87,True,18,18,True,False,safe,5.0,0,0.158,0.182,,0.216,0.22,0.22,False,True,,False,0,0
pianoMPC,mild_left_weak,4099386743,5,5,0.0,88,True,24,24,True,False,safe,5.0,0,0.0,0.182,,0.216,0.22,0.22,True,True,,False,0,0
pianoMPC,mild_left_weak,4099386743,5,5,0.0,89,True,18,18,True,False,safe,3.5906468989693865,0,0.054,0.182,,0.216,0.22,0.22,False,True,,False,0,0
pianoMPC,mild_left_weak,4099386743,5,5,0.0,90,True,18,18,True,False,safe,0.9738509231559577,0,0.108,0.158,,0.216,0.22,0.22,False,True,,False,0,0
pianoMPC,mild_left_weak,4099386743,5,5,0.0,91,True,18,18,True,False,relaxed,0.016872612642294012,0,0.162,0.162,,0.216,0.22,0.22,False,True,,False,0,0
pianoMPC,mild_left_weak,4099386743,5,5,0.0,92,True,18,18,True,False,relaxed,3.4530781141091293,0,0.216,0.216,,0.216,0.22,0.22,False,True,,False,0,0
pianoMPC,mild_left_weak,4099386743,5,5,0.0,93,True,24,18,False,True,rest_fallback,0.8830801650487943,0,0.0,0.216,,0.216,0.22,0.22,False,True,,False,0,0
pianoMPC,mild_left_weak,4099386743,5,5,0.0,94,True,18,18,True,False,safe,0.927407771991604,0,0.054,0.216,,0.216,0.22,0.22,False,True,,False,0,0
pianoMPC,mild_left_weak,4099386743,5,5,0.0,95,True,18,18,True,False,safe,1.4242996928788383,0,0.108,0.216,,0.216,0.22,0.22,False,True,,False,0,0
pianoMPC,mild_left_weak,4099386743,5,5,0.0,96,True,18,18,True,False,safe,1.6039722647616492,0,0.162,0.216,,0.216,0.22,0.22,False,True,,False,0,0
pianoMPC,mild_left_weak,4099386743,5,5,0.0,97,True,18,18,True,False,relaxed,-0.16327140159306405,0,0.216,0.216,,0.216,0.22,0.22,False,True,,False,0,0
pianoMPC,mild_left_weak,4099386743,5,5,0.0,98,True,24,24,True,False,safe,-0.8333302871509096,0,0.0,0.216,,0.162,0.22,0.22,True,True,,False,0,0
pianoMPC,mild_left_weak,4099386743,5,5,0.0,99,True,18,18,True,False,safe,0.8798574093339754,0,0.054,0.216,,0.162,0.22,0.22,False,True,,False,0,0
pianoMPC,mild_left_weak,4099386743,5,5,0.0,100,True,18,18,True,False,safe,2.311083657115059,0,0.108,0.216,,0.162,0.22,0.22,False,True,,False,0,0
pianoMPC,mild_left_weak,4099386743,5,5,0.0,101,True,18,18,True,False,safe,1.4011773489395976,0,0.162,0.216,,0.162,0.22,0.22,False,True,,False,0,0
pianoMPC,mild_left_weak,4099386743,5,5,0.0,102,True,24,18,False,True,rest_fallback,0.05875373164231947,0,0.0,0.162,,0.162,0.22,0.22,False,True,,False,0,0
pianoMPC,mild_left_weak,4099386743,5,5,0.0,103,True,18,18,True,False,safe,1.9623008115588576,0,0.054,0.162,,0.162,0.22,0.22,False,True,,False,0,0
pianoMPC,mild_left_weak,4099386743,5,5,0.0,104,True,18,18,True,False,safe,1.8657204180146583,0,0.108,0.162,,0.162,0.22,0.22,False,True,,False,0,0
pianoMPC,mild_left_weak,4099386743,5,5,0.0,105,True,18,18,True,False,safe,0.5698529682344171,1,0.162,0.162,,0.162,0.22,0.22,False,True,,False,0,0
pianoMPC,mild_left_weak,4099386743,5,5,0.0,106,True,18,18,True,False,safe,0.0,0,0.10400000000000001,0.162,,0.162,0.22,0.22,False,True,,False,0,0
pianoMPC,mild_left_weak,4099386743,5,5,0.0,107,True,18,18,True,False,safe,5.0,0,0.158,0.162,,0.216,0.22,0.22,False,True,,False,0,0
pianoMPC,mild_left_weak,4099386743,5,5,0.0,108,True,24,18,False,True,rest_fallback,0.5681677331551419,0,0.0,0.162,,0.216,0.22,0.22,False,True,,False,0,0
pianoMPC,mild_left_weak,4099386743,5,5,0.0,109,True,18,18,True,False,safe,-0.22818864201026073,0,0.054,0.162,,0.216,0.22,0.22,False,True,,False,0,0
pianoMPC,mild_left_weak,4099386743,5,5,0.0,110,True,18,18,True,False,safe,1.2828401983870474,0,0.108,0.158,,0.216,0.22,0.22,False,True,,False,0,0
pianoMPC,mild_left_weak,4099386743,5,5,0.0,111,True,18,18,True,False,safe,1.5715656052824443,0,0.162,0.162,,0.216,0.22,0.22,False,True,,False,0,0
pianoMPC,mild_left_weak,4099386743,5,5,0.0,112,True,18,18,True,False,relaxed,3.8842605905248777,0,0.216,0.216,,0.216,0.22,0.22,False,True,,False,0,0
pianoMPC,mild_left_weak,4099386743,5,5,0.0,113,True,24,18,False,True,rest_fallback,-0.8534320993729619,0,0.0,0.216,,0.216,0.22,0.22,False,True,,False,0,0
pianoMPC,mild_left_weak,4099386743,5,5,0.0,114,True,18,18,True,False,safe,1.2460936739407835,0,0.054,0.216,,0.216,0.22,0.22,False,True,,False,0,0
pianoMPC,mild_left_weak,4099386743,5,5,0.0,115,True,18,18,True,False,safe,2.7698307233877744,0,0.108,0.216,,0.216,0.22,0.22,False,True,,False,0,0
pianoMPC,mild_left_weak,4099386743,5,5,0.0,116,True,18,18,True,False,safe,1.924529739726517,0,0.162,0.216,,0.216,0.22,0.22,False,True,,False,0,0
pianoMPC,mild_left_weak,4099386743,5,5,0.0,117,True,18,18,True,False,safe,2.3053972280420663,0,0.216,0.216,,0.216,0.22,0.22,False,True,,False,0,0
pianoMPC,mild_left_weak,4099386743,5,5,0.0,118,True,24,18,False,True,rest_fallback,-0.14407043763312105,0,0.0,0.216,,0.162,0.22,0.22,False,True,,False,0,0
pianoMPC,mild_left_weak,4099386743,5,5,0.0,119,True,18,18,True,False,safe,0.3408711786889377,0,0.054,0.216,,0.162,0.22,0.22,False,True,,False,0,0
pianoMPC,mild_left_weak,4099386743,5,5,0.0,120,True,18,18,True,False,safe,1.1446060270499934,0,0.108,0.216,,0.162,0.22,0.22,False,True,,False,0,0
pianoMPC,mild_left_weak,4099386743,5,5,0.0,121,True,18,18,True,False,safe,0.8745511064302836,1,0.162,0.216,,0.162,0.22,0.22,False,True,,False,0,0
pianoMPC,mild_left_weak,4099386743,5,5,0.0,122,True,18,18,True,False,safe,0.0,0,0.10400000000000001,0.162,,0.162,0.22,0.22,False,True,,False,0,0
pianoMPC,mild_left_weak,4099386743,5,5,0.0,123,True,18,18,True,False,relaxed,5.0,0,0.158,0.162,,0.162,0.22,0.22,False,True,,False,0,0
pianoMPC,mild_left_weak,4099386743,5,5,0.0,124,True,24,24,True,False,safe,-2.6067541478722527,0,0.0,0.162,,0.162,0.22,0.22,True,True,,False,0,0
pianoMPC,mild_left_weak,4099386743,5,5,0.0,125,True,18,18,True,False,safe,0.04973655501261938,0,0.054,0.162,,0.162,0.22,0.22,False,True,,False,0,0
pianoMPC,mild_left_weak,4099386743,5,5,0.0,126,True,18,18,True,False,safe,-1.1085458057730573,0,0.108,0.158,,0.162,0.22,0.22,False,True,,False,0,0
pianoMPC,mild_left_weak,4099386743,5,5,0.0,127,True,18,18,True,False,relaxed,-3.458381001651878,0,0.162,0.162,,0.216,0.22,0.22,False,True,,False,0,0
pianoMPC,mild_left_weak,4099386743,5,5,0.0,128,True,24,24,True,False,safe,0.7649834111984551,0,0.0,0.162,,0.216,0.22,0.22,True,True,,False,0,0
pianoMPC,mild_left_weak,4099386743,5,5,0.0,129,True,18,18,True,False,safe,2.141831173695015,0,0.054,0.162,,0.216,0.22,0.22,False,True,,False,0,0
pianoMPC,mild_left_weak,4099386743,5,5,0.0,130,True,18,18,True,False,safe,2.9309750037301674,0,0.108,0.162,,0.216,0.22,0.22,False,True,,False,0,0
pianoMPC,mild_left_weak,4099386743,5,5,0.0,131,True,18,18,True,False,safe,1.7902067581692727,0,0.162,0.162,,0.216,0.22,0.22,False,True,,False,0,0
pianoMPC,mild_left_weak,4099386743,5,5,0.0,132,True,18,18,True,False,safe,0.5761568079548295,0,0.216,0.216,,0.216,0.22,0.22,False,True,,False,0,0
pianoMPC,mild_left_weak,4099386743,5,5,0.0,133,True,24,24,True,False,safe,1.0918225409914386,0,0.0,0.216,,0.162,0.22,0.22,True,True,,False,0,0
pianoMPC,mild_left_weak,4099386743,5,5,0.0,134,True,18,18,True,False,safe,1.3474557053268796,0,0.054,0.216,,0.162,0.22,0.22,False,True,,False,0,0
pianoMPC,mild_left_weak,4099386743,5,5,0.0,135,True,24,18,False,True,rest_fallback,1.3568296883910675,0,0.0,0.216,,0.162,0.22,0.22,False,True,,False,0,0
pianoMPC,mild_left_weak,4099386743,5,5,0.0,136,True,18,18,True,False,safe,1.1046465925523,0,0.054,0.216,,0.162,0.22,0.22,False,True,,False,0,0
pianoMPC,mild_left_weak,4099386743,5,5,0.0,137,True,18,18,True,False,safe,2.613934627204806,0,0.108,0.108,,0.162,0.22,0.22,False,True,,False,0,0
pianoMPC,mild_left_weak,4099386743,5,5,0.0,138,True,18,18,True,False,relaxed,2.058853523567449,0,0.162,0.162,,0.162,0.22,0.22,False,True,,False,0,0
pianoMPC,mild_left_weak,4099386743,5,5,0.0,139,True,24,24,True,False,safe,-0.15391605307856623,0,0.0,0.162,,0.108,0.22,0.22,True,True,,False,0,0
pianoMPC,mild_left_weak,4099386743,5,5,0.0,140,True,18,18,True,False,safe,1.8980863509599992,0,0.054,0.162,,0.162,0.22,0.22,False,True,,False,0,0
pianoMPC,mild_left_weak,4099386743,5,5,0.0,141,True,18,18,True,False,safe,0.9786034782439175,0,0.108,0.162,,0.162,0.22,0.22,False,True,,False,0,0
pianoMPC,mild_left_weak,4099386743,5,5,0.0,142,True,24,18,False,True,rest_fallback,-0.5051860294481767,0,0.0,0.162,,0.162,0.22,0.22,False,True,,False,0,0
pianoMPC,mild_left_weak,4099386743,5,5,0.0,143,True,18,18,True,False,safe,1.3525406055197022,0,0.054,0.108,,0.162,0.22,0.22,False,True,,False,0,0
pianoMPC,mild_left_weak,4099386743,5,5,0.0,144,True,18,18,True,False,safe,1.3037904500440594,0,0.108,0.108,,0.162,0.22,0.22,False,True,,False,0,0
pianoMPC,mild_left_weak,4099386743,5,5,0.0,145,True,18,18,True,False,safe,1.921745101880491,1,0.162,0.162,,0.162,0.22,0.22,False,True,,False,0,0
pianoMPC,mild_left_weak,4099386743,5,5,0.0,146,True,18,18,True,False,safe,0.0,0,0.10400000000000001,0.162,,0.162,0.22,0.22,False,True,,False,0,0
pianoMPC,mild_left_weak,4099386743,5,5,0.0,147,True,18,18,True,False,relaxed,5.0,0,0.158,0.162,,0.216,0.22,0.22,False,True,,False,0,0
pianoMPC,mild_left_weak,4099386743,5,5,0.0,148,True,24,18,False,True,rest_fallback,2.088864530940119,0,0.0,0.162,,0.27,0.22,0.22,False,False,,False,0,1
pianoMPC,mild_left_weak,4099386743,5,5,0.0,149,True,18,18,True,False,safe,-5.0,0,0.054,0.162,,0.27,0.22,0.22,False,False,,False,0,1
pianoMPC,mild_left_weak,4099386743,5,5,0.0,150,True,18,18,True,False,safe,0.44940165972150037,0,0.108,0.158,,0.27,0.22,0.22,False,False,,False,0,1
pianoMPC,mild_left_weak,4099386743,5,5,0.0,151,True,18,18,True,False,safe,1.8247762083714134,0,0.162,0.162,,0.27,0.22,0.22,False,False,,False,0,1
pianoMPC,mild_left_weak,4099386743,5,5,0.0,152,True,18,18,True,False,relaxed,0.030915215541925688,0,0.216,0.216,,0.27,0.22,0.22,False,False,,False,0,1
pianoMPC,mild_left_weak,4099386743,5,5,0.0,153,True,18,18,True,False,relaxed,1.4692626004801999,0,0.27,0.27,,0.27,0.22,0.22,False,False,,False,1,1
pianoMPC,mild_left_weak,4099386743,5,5,0.0,154,True,24,24,True,False,safe,-0.7469890590849424,0,0.020000000000000018,0.27,,0.128,0.22,0.22,True,True,,False,1,0
pianoMPC,mild_left_weak,4099386743,5,5,0.0,155,True,18,18,True,False,safe,2.077621394705242,0,0.07400000000000001,0.27,,0.162,0.22,0.22,False,True,,False,1,0
pianoMPC,mild_left_weak,4099386743,5,5,0.0,156,True,18,18,True,False,safe,0.7818196528521424,0,0.128,0.27,,0.162,0.22,0.22,False,True,,False,1,0
pianoMPC,mild_left_weak,4099386743,5,5,0.0,157,True,24,18,False,True,rest_fallback,0.8611782373156959,0,0.0,0.27,,0.162,0.22,0.22,False,True,,False,1,0
pianoMPC,mild_left_weak,4099386743,5,5,0.0,158,True,18,18,True,False,safe,0.5363241620429201,0,0.054,0.128,,0.162,0.22,0.22,False,True,,False,0,0
pianoMPC,mild_left_weak,4099386743,5,5,0.0,159,True,18,18,True,False,safe,1.1938019978333836,0,0.108,0.128,,0.162,0.22,0.22,False,True,,False,0,0
pianoMPC,mild_left_weak,4099386743,5,5,0.0,160,True,18,18,True,False,safe,0.899058161412142,0,0.162,0.162,,0.162,0.22,0.22,False,True,,False,0,0
pianoMPC,mild_left_weak,4099386743,5,5,0.0,161,True,24,24,True,False,safe,-0.3113699889296865,0,0.0,0.162,,0.162,0.22,0.22,True,True,,False,0,0
pianoMPC,mild_left_weak,4099386743,5,5,0.0,162,True,18,18,True,False,safe,1.0027964129307723,0,0.054,0.162,,0.212,0.22,0.22,False,True,,False,0,0
pianoMPC,mild_left_weak,4099386743,5,5,0.0,163,True,18,18,True,False,safe,1.9031763106296926,0,0.108,0.162,,0.212,0.22,0.22,False,True,,False,0,0
pianoMPC,mild_left_weak,4099386743,5,5,0.0,164,True,18,18,True,False,relaxed,2.233520121159352,1,0.162,0.162,,0.212,0.22,0.22,False,True,,False,0,0
pianoMPC,mild_left_weak,4099386743,5,5,0.0,165,True,18,18,True,False,safe,0.0,0,0.10400000000000001,0.162,,0.212,0.22,0.22,False,True,,False,0,0
pianoMPC,mild_left_weak,4099386743,5,5,0.0,166,True,18,18,True,False,safe,5.0,0,0.158,0.162,,0.212,0.22,0.22,False,True,,False,0,0
pianoMPC,mild_left_weak,4099386743,5,5,0.0,167,True,18,18,True,False,safe,3.670032258205518,0,0.212,0.212,,0.216,0.22,0.22,False,True,,False,0,0
pianoMPC,mild_left_weak,4099386743,5,5,0.0,168,True,24,24,True,False,safe,2.4773283881477384,0,0.0,0.212,,0.216,0.22,0.22,True,True,,False,0,0
pianoMPC,mild_left_weak,4099386743,5,5,0.0,169,True,18,18,True,False,safe,-0.7009767453019418,0,0.054,0.212,,0.216,0.22,0.22,False,True,,False,0,0
pianoMPC,mild_left_weak,4099386743,5,5,0.0,170,True,18,18,True,False,safe,-0.8967893166358719,0,0.108,0.212,,0.216,0.22,0.22,False,True,,False,0,0
pianoMPC,mild_left_weak,4099386743,5,5,0.0,171,True,18,18,True,False,relaxed,2.060798228229452,0,0.162,0.212,,0.216,0.22,0.22,False,True,,False,0,0
pianoMPC,mild_left_weak,4099386743,5,5,0.0,172,True,18,18,True,False,relaxed,1.415589253701234,0,0.216,0.216,,0.216,0.22,0.22,False,True,,False,0,0
pianoMPC,mild_left_weak,4099386743,5,5,0.0,173,True,24,24,True,False,safe,0.6585044388326909,0,0.0,0.216,,0.108,0.22,0.22,True,True,,False,0,0
pianoMPC,mild_left_weak,4099386743,5,5,0.0,174,True,18,18,True,False,safe,0.6234148819703907,0,0.054,0.216,,0.108,0.22,0.22,False,True,,False,0,0
pianoMPC,mild_left_weak,4099386743,5,5,0.0,175,True,18,18,True,False,safe,1.1656876514070424,0,0.108,0.216,,0.108,0.22,0.22,False,True,,False,0,0
pianoMPC,mild_left_weak,4099386743,5,5,0.0,176,True,24,18,False,True,rest_fallback,1.0659125889463563,0,0.0,0.216,,0.108,0.22,0.22,False,True,,False,0,0
pianoMPC,mild_left_weak,4099386743,5,5,0.0,177,True,18,18,True,False,safe,1.9444593232066483,0,0.054,0.108,,0.108,0.22,0.22,False,True,,False,0,0
pianoMPC,mild_left_weak,4099386743,5,5,0.0,178,True,18,18,True,False,safe,2.0884456298904746,0,0.108,0.108,,0.108,0.22,0.22,False,True,,False,0,0
pianoMPC,mild_left_weak,4099386743,5,5,0.0,179,True,24,18,False,True,rest_fallback,0.5006193488152093,0,0.0,0.108,,0.108,0.22,0.22,False,True,,False,0,0
pianoMPC,mild_left_weak,4099386743,5,5,0.0,180,True,18,18,True,False,safe,0.2567095517397323,0,0.054,0.108,,0.162,0.22,0.22,False,True,,False,0,0
pianoMPC,mild_left_weak,4099386743,5,5,0.0,181,True,18,18,True,False,safe,2.085879910237744,0,0.108,0.108,,0.162,0.22,0.22,False,True,,False,0,0
pianoMPC,mild_left_weak,4099386743,5,5,0.0,182,True,24,24,True,False,safe,-0.8228907641822925,0,0.0,0.108,,0.162,0.22,0.22,True,True,,False,0,0
pianoMPC,mild_left_weak,4099386743,5,5,0.0,183,True,18,18,True,False,relaxed,1.646163160649029,0,0.054,0.108,,0.162,0.22,0.22,False,True,,False,0,0
pianoMPC,mild_left_weak,4099386743,5,5,0.0,184,True,18,18,True,False,safe,1.9826866037966557,0,0.108,0.108,,0.162,0.22,0.22,False,True,,False,0,0
pianoMPC,mild_left_weak,4099386743,5,5,0.0,185,True,18,18,True,False,relaxed,1.6874716812064732,1,0.162,0.162,,0.162,0.22,0.22,False,True,,False,0,0
pianoMPC,mild_left_weak,4099386743,5,5,0.0,186,True,18,18,True,False,safe,0.0,0,0.10400000000000001,0.162,,0.162,0.22,0.22,False,True,,False,0,0
pianoMPC,mild_left_weak,4099386743,5,5,0.0,187,True,18,18,True,False,safe,5.0,0,0.158,0.162,,0.216,0.22,0.22,False,True,,False,0,0
pianoMPC,mild_left_weak,4099386743,5,5,0.0,188,True,24,18,False,True,rest_fallback,-4.460257149940301,0,0.0,0.162,,0.216,0.22,0.22,False,True,,False,0,0
pianoMPC,mild_left_weak,4099386743,5,5,0.0,189,True,18,18,True,False,safe,-0.12579997406814558,0,0.054,0.162,,0.216,0.22,0.22,False,True,,False,0,0
pianoMPC,mild_left_weak,4099386743,5,5,0.0,190,True,18,18,True,False,safe,0.7530278347623,0,0.108,0.158,,0.216,0.22,0.22,False,True,,False,0,0
pianoMPC,mild_left_weak,4099386743,5,5,0.0,191,True,18,18,True,False,safe,2.978988495012907,0,0.162,0.162,,0.216,0.22,0.22,False,True,,False,0,0
pianoMPC,mild_left_weak,4099386743,5,5,0.0,192,True,18,18,True,False,relaxed,1.093523913159805,0,0.216,0.216,,0.216,0.22,0.22,False,True,,False,0,0
pianoMPC,mild_left_weak,4099386743,5,5,0.0,193,True,24,18,False,True,rest_fallback,0.6751745413539088,0,0.0,0.216,,0.27,0.22,0.22,False,False,,False,0,1
pianoMPC,mild_left_weak,4099386743,5,5,0.0,194,True,18,18,True,False,safe,1.4679492820695939,0,0.054,0.216,,0.27,0.22,0.22,False,False,,False,0,1
pianoMPC,mild_left_weak,4099386743,5,5,0.0,195,True,18,18,True,False,safe,1.5616291832018,0,0.108,0.216,,0.27,0.22,0.22,False,False,,False,0,1
pianoMPC,mild_left_weak,4099386743,5,5,0.0,196,True,18,18,True,False,relaxed,1.079009824688078,0,0.162,0.216,,0.27,0.22,0.22,False,False,,False,0,1
pianoMPC,mild_left_weak,4099386743,5,5,0.0,197,True,18,18,True,False,relaxed,1.320111692727615,0,0.216,0.216,,0.27,0.22,0.22,False,False,,False,0,1
pianoMPC,mild_left_weak,4099386743,5,5,0.0,198,True,18,18,True,False,relaxed,0.5991898564501758,0,0.27,0.27,,0.27,0.22,0.22,False,False,,False,1,1
pianoMPC,mild_left_weak,4099386743,5,5,0.0,199,True,24,24,True,False,safe,-0.19813337905189735,0,0.020000000000000018,0.27,,0.182,0.22,0.22,True,True,,False,1,0
pianoMPC,mild_left_weak,4099386743,5,5,0.0,200,True,18,18,True,False,safe,1.676432399241389,0,0.07400000000000001,0.27,,0.182,0.22,0.22,False,True,,False,1,0
pianoMPC,mild_left_weak,4099386743,5,5,0.0,201,True,18,18,True,False,safe,1.074827808799881,0,0.128,0.27,,0.182,0.22,0.22,False,True,,False,1,0
pianoMPC,mild_left_weak,4099386743,5,5,0.0,202,True,18,18,True,False,relaxed,2.102980370147309,0,0.182,0.27,,0.182,0.22,0.22,False,True,,False,1,0
pianoMPC,mild_left_weak,4099386743,5,5,0.0,203,True,24,18,False,True,rest_fallback,-1.0810641721301344,0,0.0,0.182,,0.162,0.22,0.22,False,True,,False,0,0
pianoMPC,mild_left_weak,4099386743,5,5,0.0,204,True,18,18,True,False,safe,1.1481584141062322,0,0.054,0.182,,0.162,0.22,0.22,False,True,,False,0,0
pianoMPC,mild_left_weak,4099386743,5,5,0.0,205,True,18,18,True,False,relaxed,0.6637450789153423,0,0.108,0.182,,0.162,0.22,0.22,False,True,,False,0,0
pianoMPC,mild_left_weak,4099386743,5,5,0.0,206,True,18,18,True,False,safe,0.9908313636067942,0,0.162,0.182,,0.162,0.22,0.22,False,True,,False,0,0
pianoMPC,mild_left_weak,4099386743,5,5,0.0,207,True,24,24,True,False,safe,-0.9930212222544024,0,0.0,0.162,,0.162,0.22,0.22,True,True,,False,0,0
pianoMPC,mild_left_weak,4099386743,5,5,0.0,208,True,18,18,True,False,safe,1.1034922398253713,0,0.054,0.162,,0.162,0.22,0.22,False,True,,False,0,0
pianoMPC,mild_left_weak,4099386743,5,5,0.0,209,True,18,18,True,False,safe,0.19293787994956157,0,0.108,0.162,,0.162,0.22,0.22,False,True,,False,0,0
pianoMPC,mild_left_weak,4099386743,5,5,0.0,210,True,18,18,True,False,safe,1.0783615124138461,1,0.162,0.162,,0.162,0.22,0.22,False,True,,False,0,0
