scenario,scenario_description,agent,profile,num_runs,avg_async_mean,avg_async_std,avg_constraint_violation_mean,avg_constraint_violation_std,avg_dom_gap_mean,avg_dom_gap_std,avg_fatigue_mean,avg_fatigue_std,avg_fid_mean,avg_fid_std,avg_reward_raw_mean,avg_reward_raw_std,fatigue_overload_rate_mean,fatigue_overload_rate_std,feasible_rate_mean,feasible_rate_std,independence_gain_mean,independence_gain_std,mastered_mean,mastered_std,mastery_rate,regret_mean,regret_std,retention_delta_mean,retention_delta_std,sample_efficiency_mean,sample_efficiency_std,skill_improvement_mean,skill_improvement_std,steps_mean,steps_std,time_to_mastery_mean,time_to_mastery_std,total_reward_mean,total_reward_raw_mean,total_reward_raw_std,total_reward_std
nominal,Unperturbed PianoGym environment.,PianoMPC,balanced,10,39.95933057481321,1.809801885897399,0.0018287531309270709,0.0014947687230034824,6.93720378544063,1.2441009846512816,0.49801220917710703,0.03345092958064194,0.6189699676379734,0.016844818397271363,-1.2165520805722259,0.05410194735731002,0.07530529052268183,0.04597963658647915,0.9246947094773181,0.045979636586479154,20.11822976870477,4.095634868239067,1.0,0.0,1.0,-19.475841226314863,4.387904560990457,0.3609418496163649,0.048079846485337516,23.2,3.059411708155671,0.46840922994856954,0.03374739616542583,23.2,3.059411708155671,23.2,3.059411708155671,19.475841226314863,-28.302445035352985,4.305249668137756,4.387904560990457
nominal,Unperturbed PianoGym environment.,PianoMPC,mild_left_weak,10,41.053070709621636,2.5067871557571455,0.002500075363233285,0.0011706815815268432,8.74629563696829,1.2595876607091572,0.4886873586063061,0.015227354267304132,0.5902282191158656,0.02777114332772349,-1.3246878645633915,0.06870214517708605,0.08140044166359957,0.04496434907456756,0.9185995583364004,0.04496434907456757,22.24197563335897,4.218887010103516,1.0,0.0,1.0,-17.675087290379658,7.735631939177514,0.3888585874265461,0.04387062485464646,22.2,3.124099870362662,0.4916118615597065,0.02454627296846553,22.2,3.124099870362662,22.2,3.124099870362662,17.675087290379658,-29.314119296848354,3.591883739021627,7.735631939177514
nominal,Unperturbed PianoGym environment.,PianoMPC,severe_left_weak,10,39.66888029012633,2.550639204149919,0.0030787621202327292,0.001901824305178314,9.032900881134022,1.613408865400547,0.481401207713855,0.013559083560885647,0.5819485059293626,0.019160538412152123,-1.3371012826509827,0.060450418717905186,0.10179497953027365,0.047486791674837006,0.8982050204697263,0.04748679167483701,21.437218069158977,3.892994986887412,1.0,0.0,1.0,-27.671797572410952,5.233853774025926,0.5079325163161329,0.05954592561941995,27.8,4.853864439804639,0.5592898629697831,0.030402102109733282,27.8,4.853864439804639,27.8,4.853864439804639,27.671797572410952,-37.01446812997483,5.882704722376437,5.233853774025926
nominal,Unperturbed PianoGym environment.,BayesianMAB,balanced,10,31.511677238262145,4.395344599567495,0.0033918947660408114,0.004045022697412757,8.708609968274772,1.1749611790622807,0.4749919738388725,0.08726261870369262,0.559594183242806,0.03451274823489856,-1.2629564408945309,0.10307798646118871,0.06654204157348173,0.04714736575790527,0.9334579584265184,0.04714736575790527,26.569381193925455,3.805036268552438,1.0,0.0,1.0,-23.256213433637363,9.822540137890698,0.4896557448847984,0.11569700079210184,31.1,8.960468737739115,0.6004788815587387,0.07569892269912545,31.1,8.960468737739115,31.1,8.960468737739115,23.256213433637363,-38.51491337158305,8.706241962489404,9.822540137890698
nominal,Unperturbed PianoGym environment.,BayesianMAB,mild_left_weak,10,30.349301740030068,5.515460779007869,0.006110008132124986,0.0044222343010922914,8.233644022216001,1.3297287547842105,0.4541688795857078,0.054884574705329925,0.5403193952722979,0.04122617257653394,-1.2727000422804207,0.11139605275895381,0.09548808706058154,0.059728481818287896,0.9045119129394183,0.059728481818287917,28.159673478112733,3.8288262345940707,1.0,0.0,1.0,-28.909269228970157,15.531878894282274,0.6004163317776423,0.13345281766230657,38.1,10.492378186092989,0.6670502531439344,0.09409583913175733,38.1,10.492378186092989,38.1,10.492378186092989,28.909269228970157,-47.51565985814769,9.952185719515104,15.531878894282274
nominal,Unperturbed PianoGym environment.,BayesianMAB,severe_left_weak,10,32.77375130618009,4.225471686880476,0.0034509661775655428,0.0025374370183673836,9.27672435053222,1.1112009252928976,0.40348796297123257,0.06988082724707534,0.5176178295802133,0.04955837672176072,-1.3676240820659924,0.10004288401565956,0.08187021114575159,0.046190355050874564,0.9181297888542485,0.046190355050874564,25.638650884351666,4.326243841128747,1.0,0.0,1.0,-31.062977900256005,8.975138330722109,0.6264722915222333,0.0911124317011088,38.1,6.187891401761993,0.6707121284028763,0.05427522964870726,38.1,6.187891401761993,38.1,6.187891401761993,31.062977900256005,-51.733397455283374,7.0517540633162135,8.975138330722109
nominal,Unperturbed PianoGym environment.,CCB-DF,balanced,10,29.164688474585297,3.3315728400397773,0.002899391962831393,0.0018748799972679675,7.629713327470253,0.9958661677270506,0.5267818324836094,0.020900059134035056,0.5160300572019831,0.024592053789071366,-1.288205870854696,0.08320254839618141,0.05729319425471362,0.025741168389707917,0.9427068057452864,0.025741168389707907,29.586754396258907,2.92705370953785,1.0,0.0,1.0,-47.23406879437144,13.65475957110583,0.6602323634769234,0.0791590879698614,48.2,7.19444229944198,0.7013775193533819,0.052575419297268416,48.2,7.19444229944198,48.2,7.19444229944198,47.23406879437144,-61.67289571206659,7.247223372078901,13.65475957110583
nominal,Unperturbed PianoGym environment.,CCB-DF,mild_left_weak,10,29.45434818855179,6.496497131196133,0.003623481449265493,0.0027960915872815404,8.826459744103834,1.2914438374246935,0.4833672419322518,0.024340466876662088,0.5069033117700926,0.04943119086026081,-1.3385121498657837,0.16303059087979507,0.0761460624306426,0.04710656341668352,0.9238539375693573,0.04710656341668351,28.384984936806454,6.343838278554358,1.0,0.0,1.0,-43.96092960559713,17.02808643319355,0.678394282799518,0.14277056165827895,49.3,14.248157775656471,0.7006790129365597,0.09116338940943794,49.3,14.248157775656471,49.3,14.248157775656471,43.96092960559713,-63.8521970689546,11.738922546249752,17.02808643319355
nominal,Unperturbed PianoGym environment.,CCB-DF,severe_left_weak,10,30.928357504193503,5.445999766054896,0.00382701693125116,0.0028652422928018917,9.020867103624662,0.9386952815313608,0.4314526940576413,0.029090328950262253,0.5037906631645019,0.04239170819804187,-1.3688174770260364,0.1265029862421633,0.058876904231109674,0.03762370266435174,0.9411230957688902,0.03762370266435175,27.963995196460036,5.292593813470508,1.0,0.0,1.0,-44.86961972957867,16.41093768304622,0.7516806992675076,0.1063739956304279,51.7,11.296459622377268,0.7359385965101087,0.06442940381400274,51.7,11.296459622377268,51.7,11.296459622377268,44.86961972957867,-69.4145772189235,9.282642762790745,16.41093768304622
nominal,Unperturbed PianoGym environment.,LinUCB,balanced,10,26.675755969853945,4.252205170810782,0.0008750806396735092,0.0009898514064033484,7.551096199343,0.9025297340310007,0.5581748588794683,0.015268342395788408,0.5371722096358468,0.030454068362782645,-1.2199684315130082,0.08162176972351409,0.039328978874454794,0.03671455962588347,0.9606710211255451,0.036714559625883464,28.911013744971136,2.4354325297199635,1.0,0.0,1.0,-46.33758034965628,9.48474427884533,0.6576415360199617,0.07061302847040907,47.2,8.738420909981391,0.696808195565225,0.03917514596052891,47.2,8.738420909981391,47.2,8.738420909981391,46.33758034965628,-57.010755663763256,7.981097901883808,9.48474427884533
nominal,Unperturbed PianoGym environment.,LinUCB,mild_left_weak,10,28.985680163926553,4.135262936221985,0.0003910664702931494,0.0003565340329320617,8.612886893766193,0.868232859538444,0.5108918315375552,0.01356786932359913,0.5274236541710708,0.030431332068079856,-1.2939624002778047,0.09083834828244838,0.019925856356144384,0.012380166482805103,0.9800741436438555,0.012380166482805094,29.61793484380478,2.432186250049803,1.0,0.0,1.0,-51.47633809707962,10.364743884758433,0.7026620640159461,0.095188203566803,49.1,10.338762014864255,0.7152688087795175,0.060791497326060095,49.1,10.338762014864255,49.1,10.338762014864255,51.47633809707962,-62.742913816000815,9.937512498643956,10.364743884758433
nominal,Unperturbed PianoGym environment.,LinUCB,severe_left_weak,10,30.21917138598087,3.1704935638389844,0.0003720145582678318,0.0004103398546841675,8.73406233977064,1.6429197582191724,0.4589102386259466,0.007017424294686684,0.5168350893751059,0.025309857585703827,-1.3304398745108936,0.0885632562158426,0.030175851155882488,0.028235174591537553,0.9698241488441175,0.028235174591537553,28.988215331612743,4.134451495246833,1.0,0.0,1.0,-50.080154708191095,12.451399471513623,0.7791396771648521,0.05925527606642022,51.4,7.927168473042565,0.7735365040813111,0.03753175217746671,51.4,7.927168473042565,51.4,7.927168473042565,50.080154708191095,-67.8478435697656,7.458180111741029,12.451399471513623
nominal,Unperturbed PianoGym environment.,Thompson,balanced,10,27.89670852873031,2.28703919909777,0.005150785085190565,0.0027326115354852705,7.248880099827453,0.8994720851656964,0.5518224014524492,0.019196197241097508,0.5512981810740818,0.014757060116504355,-1.2030539447615287,0.04936033219699271,0.09647938659262702,0.039349282843009405,0.903520613407373,0.039349282843009405,29.065888160110823,2.765791355154432,1.0,0.0,1.0,-38.05615624724384,7.569212929996944,0.6252825662111838,0.06274111620631671,42.4,6.359245238233859,0.6927733839401828,0.05155794298081578,42.4,6.359245238233859,42.4,6.359245238233859,38.05615624724384,-50.75495940576421,6.045136279244757,7.569212929996944
nominal,Unperturbed PianoGym environment.,Thompson,mild_left_weak,10,28.236296809609712,5.3399549002468225,0.004935868395783011,0.0029647555348824087,8.357267103605233,1.1169029572214066,0.48575069806590204,0.042695070784750495,0.5369905740506169,0.03036254496110408,-1.2599341482912823,0.11813151885387094,0.09631536105682215,0.048442514374433324,0.9036846389431779,0.04844251437443332,28.3780952641544,3.722313267060578,1.0,0.0,1.0,-42.13134616867006,15.034247974337616,0.671650691762476,0.12676535643507317,45.2,12.726350615946426,0.707460587760184,0.08783427375644946,45.2,12.726350615946426,45.2,12.726350615946426,42.13134616867006,-55.66179367999102,11.6646079703492,15.034247974337616
nominal,Unperturbed PianoGym environment.,Thompson,severe_left_weak,10,28.73409277187909,3.6071305881472173,0.004406666253326095,0.0023650709964882625,8.39642708834054,1.4204136238645608,0.44487299752218357,0.027505101554343107,0.5263758042162588,0.031254062390902684,-1.2861998244497719,0.09540632219211927,0.07559489395231084,0.039705640368251055,0.9244051060476892,0.03970564036825104,29.461094335685534,4.32885325745751,1.0,0.0,1.0,-41.07468685770615,10.663187893232761,0.7611933616473299,0.06751525400523178,47.4,6.248199740725323,0.7759800374958673,0.04266272073946911,47.4,6.248199740725323,47.4,6.248199740725323,41.07468685770615,-60.39882047839241,4.0913809532783825,10.663187893232761
observation_noise_x3,"Async, dominance, fatigue, retention, and latent-skill observation noise tripled.",PianoMPC,balanced,10,35.33784335418742,3.885453415614954,0.0027085243459512866,0.0031236008030003258,19.082908367814543,2.4050375606986716,0.5035473675616106,0.03876260793349159,0.6723009217048544,0.03193199938173223,-1.4178092008255736,0.08204973713525857,0.049155622707244474,0.036451464014980235,0.9508443772927555,0.036451464014980235,21.86820915491988,6.876140998470672,1.0,0.0,1.0,-21.495889123698362,17.659912990594886,0.5175945324121508,0.08215816944325353,61.3,29.24739304621867,0.5288737573987413,0.06223462481968578,61.3,29.24739304621867,61.3,29.24739304621867,21.495889123698362,-85.50424543717092,37.19602753595473,17.659912990594886
observation_noise_x3,"Async, dominance, fatigue, retention, and latent-skill observation noise tripled.",PianoMPC,mild_left_weak,10,33.09249541859186,3.4415629705360593,0.003502201787747298,0.004080488166776648,20.169103665493186,1.312684414184316,0.46850089523922794,0.03775637368057495,0.6815126415451929,0.03557663858748621,-1.4056172972323608,0.08073256224026876,0.05994020030984587,0.05598617635694334,0.9400597996901542,0.05598617635694333,25.587299774583038,7.044985324641855,1.0,0.0,1.0,-25.00090679556665,6.761004666120844,0.6142080434202816,0.07404342858445653,69.3,31.94072635366954,0.5806079640404815,0.05717860219410848,69.3,31.94072635366954,69.3,31.94072635366954,25.00090679556665,-95.78440542876885,41.41137999064344,6.761004666120844
observation_noise_x3,"Async, dominance, fatigue, retention, and latent-skill observation noise tripled.",PianoMPC,severe_left_weak,10,39.05004423892201,4.550223514845143,0.002876416925100353,0.0021150994430131262,19.07104198764042,2.468908257605967,0.4437459396996303,0.05425220729595693,0.6346857195591181,0.04897253167736364,-1.514452219807398,0.10734185301944017,0.07801359034259085,0.04303575947957206,0.9219864096574092,0.04303575947957205,23.47033502506843,5.217627536651093,1.0,0.0,1.0,-24.661522749242316,11.309275303693221,0.6120763093383994,0.10409415018470847,50.7,26.00788342022472,0.5893356033004771,0.058776536360569176,50.7,26.00788342022472,50.7,26.00788342022472,24.661522749242316,-74.64607064845154,34.271496436429615,11.309275303693221
observation_noise_x3,"Async, dominance, fatigue, retention, and latent-skill observation noise tripled.",BayesianMAB,balanced,10,23.19098939288361,4.436083006882924,0.0037867539205728245,0.0027004633978405302,19.51993967581411,1.7876118090949624,0.5085536146865293,0.03129972110418808,0.6296096322908656,0.02709525821951971,-1.340970568362172,0.07919453424319511,0.05465152624377585,0.032383563549582765,0.9453484737562242,0.03238356354958276,24.656398045726366,6.962407073219506,1.0,0.0,1.0,-36.302485381490946,14.498592942113323,0.6954200616655364,0.1151875446445771,77.0,33.214454684670045,0.7088718032170289,0.06747923784747417,77.0,33.214454684670045,77.0,33.214454684670045,36.302485381490946,-101.90768795401318,41.11762159149909,14.498592942113323
observation_noise_x3,"Async, dominance, fatigue, retention, and latent-skill observation noise tripled.",BayesianMAB,mild_left_weak,10,25.428653629395036,2.792285377718907,0.005326358235640174,0.0013022985411922914,19.149300885402717,2.0905950566211327,0.48234353036223176,0.020823273021474704,0.623825428147423,0.03421014560656314,-1.3712315532981656,0.08893296526084789,0.0939735226130178,0.02312262783283159,0.9060264773869822,0.02312262783283159,25.54978795662507,7.646848644856307,1.0,0.0,1.0,-40.68487415013796,13.732055285091601,0.806221527280826,0.047378676377752046,76.2,19.332873557751316,0.769921427378021,0.03664022281993631,76.2,19.332873557751316,76.2,19.332873557751316,40.68487415013796,-103.85967094853565,24.210609380166975,13.732055285091601
observation_noise_x3,"Async, dominance, fatigue, retention, and latent-skill observation noise tripled.",BayesianMAB,severe_left_weak,10,30.38347297192168,3.068668948329761,0.003736399310411255,0.002268189731011682,20.297627196655828,2.838796231882223,0.41042760528563405,0.03674775708112082,0.5697272801473774,0.02294516165186082,-1.5368453974478056,0.09036846493550088,0.07777514419550845,0.032272894182781627,0.9222248558044915,0.03227289418278164,26.580866927871092,4.863748780940485,1.0,0.0,1.0,-34.330992474311365,9.60842610596938,0.8005820929055492,0.06137574450603171,54.8,14.524462124292244,0.794566489683806,0.040776336487954236,54.8,14.524462124292244,54.8,14.524462124292244,34.330992474311365,-83.82852233971063,20.88390522116712,9.60842610596938
observation_noise_x3,"Async, dominance, fatigue, retention, and latent-skill observation noise tripled.",CCB-DF,balanced,10,29.28088307062358,5.679432061193086,0.004483168853756064,0.0020750293990301674,19.66956764433467,1.745181585761841,0.5026731282558633,0.027155015837030283,0.5547568226426718,0.03942304214711675,-1.5455059644809146,0.12434745399946863,0.06628034209436677,0.021298570408800666,0.9337196579056333,0.021298570408800652,23.069292687600807,6.908900540120978,1.0,0.0,1.0,-41.88138243562035,13.836398038272415,0.7355059573846864,0.06791920472252959,71.4,18.034411551253896,0.7419718787487359,0.03064237216844299,71.4,18.034411551253896,71.4,18.034411551253896,41.88138243562035,-108.3852156724242,20.830627618301683,13.836398038272415
observation_noise_x3,"Async, dominance, fatigue, retention, and latent-skill observation noise tripled.",CCB-DF,mild_left_weak,10,26.871797693506,6.60806780990376,0.003499706171467365,0.0011697964465295068,19.735867883536386,1.8846371613529187,0.44592704309080666,0.021950931643778187,0.5664467630374499,0.06423826085446589,-1.5008835532890172,0.19036570426793925,0.054434020382901106,0.022902838597311417,0.9455659796170988,0.022902838597311403,29.692919024064633,3.734575733225728,1.0,0.0,1.0,-53.259468291592704,21.80131103352899,0.7715742401776545,0.09232995596644317,96.5,67.31307451008311,0.7510011381203329,0.05156528015394797,96.5,67.31307451008311,96.5,67.31307451008311,53.259468291592704,-134.89281685701272,77.12673601809009,21.80131103352899
observation_noise_x3,"Async, dominance, fatigue, retention, and latent-skill observation noise tripled.",CCB-DF,severe_left_weak,10,29.90160829980123,6.098083076591067,0.004714291778143042,0.00276291984540166,19.971814588872007,2.1385486984185893,0.40566149165149634,0.0339313608788684,0.5497209898318441,0.05398946975348646,-1.5715143900822177,0.12915239962515696,0.07631140001620551,0.04157942886406825,0.9236885999837947,0.04157942886406824,26.557959094555923,6.025076185314441,1.0,0.0,1.0,-47.58547112633697,16.691547987482767,0.8507852080039479,0.10169234031963821,79.2,27.356169322476422,0.7920249158324122,0.0769423364997518,79.2,27.356169322476422,79.2,27.356169322476422,47.58547112633697,-121.51508514735261,33.855238619228444,16.691547987482767
observation_noise_x3,"Async, dominance, fatigue, retention, and latent-skill observation noise tripled.",LinUCB,balanced,10,26.362579556615497,8.159751018196582,0.0035679586729335244,0.002563134326019876,19.97354131082478,2.045019705283769,0.51844956322347,0.03185269212876853,0.5764230240712896,0.06055195824182995,-1.4827241573819478,0.21039242807696965,0.060003153106298876,0.02944630235827281,0.9399968468937011,0.029446302358272818,29.075566643359195,4.382801694683304,1.0,0.0,1.0,-42.87465545509143,21.139093160495403,0.7201290938867151,0.09162873523496202,83.1,37.71326026744439,0.718277358744509,0.05667499570407595,83.1,37.71326026744439,83.1,37.71326026744439,42.87465545509143,-117.11692205653321,42.63463569681125,21.139093160495403
observation_noise_x3,"Async, dominance, fatigue, retention, and latent-skill observation noise tripled.",LinUCB,mild_left_weak,10,26.44011036809173,4.399304201422018,0.004861447256328677,0.0015222209036049295,19.66699580368907,1.5050219123245112,0.4884798146631854,0.01994704230708275,0.5745287870937725,0.02808924276889625,-1.4766495306984104,0.08263423811994132,0.09007986823550844,0.02606166338227408,0.9099201317644916,0.026061663382274097,28.682040727372303,6.377568502183258,1.0,0.0,1.0,-49.955433749704355,7.372987928831613,0.7970976098002378,0.03222332421214439,73.0,10.853570840972107,0.7532308303807678,0.029496278546305592,73.0,10.853570840972107,73.0,10.853570840972107,49.955433749704355,-107.27635312461746,13.816733521582718,7.372987928831613
observation_noise_x3,"Async, dominance, fatigue, retention, and latent-skill observation noise tripled.",LinUCB,severe_left_weak,10,28.464901846462283,6.514238578778807,0.005200398202289769,0.0031317773596322785,20.372072695606906,2.5055003838497787,0.434474071528825,0.023420997109011896,0.5520157053282819,0.056247111133556654,-1.5480537556445348,0.13761510351123124,0.08447951679467161,0.027555785820250506,0.9155204832053284,0.027555785820250502,28.689372732391224,5.838697422519131,1.0,0.0,1.0,-43.817499648816735,20.887702865267844,0.8298670882524781,0.08925241878722989,84.0,45.753688375911295,0.7949207157740606,0.055534375005405714,84.0,45.753688375911295,84.0,45.753688375911295,43.817499648816735,-124.43260882430079,54.75834318850355,20.887702865267844
observation_noise_x3,"Async, dominance, fatigue, retention, and latent-skill observation noise tripled.",Thompson,balanced,10,25.983284785597952,5.379444557400005,0.006170287612284516,0.002822663660471086,19.07944193846306,1.6558688636846124,0.5114437875889406,0.03424544235061288,0.593268874201833,0.038505176864611954,-1.4200813042112062,0.11263643255650517,0.0809283684397572,0.037873483578812074,0.9190716315602427,0.03787348357881206,26.858252065580366,6.569881741113417,1.0,0.0,1.0,-28.349738406140897,12.24792850647219,0.7239827496638724,0.04930629388395866,67.8,26.62254683534241,0.7212160614969025,0.032107517634982985,67.8,26.62254683534241,67.8,26.62254683534241,28.349738406140897,-93.57500599684032,27.508986447930038,12.24792850647219
observation_noise_x3,"Async, dominance, fatigue, retention, and latent-skill observation noise tripled.",Thompson,mild_left_weak,10,27.64444089633661,6.396313891634951,0.004731460144175281,0.003917138527609669,19.061866843095764,1.3457559464402558,0.4556210600328222,0.03090540701003983,0.5817026389610218,0.04398835265873982,-1.4649040491140122,0.11647165400778789,0.06934449427294509,0.030285451599134573,0.930655505727055,0.030285451599134594,29.875563432814488,3.4663343482655002,1.0,0.0,1.0,-39.71678798865311,12.174756297128592,0.7786629166391494,0.0714338085913936,71.3,26.32508309578528,0.7735819414446936,0.04041363630591319,71.3,26.32508309578528,71.3,26.32508309578528,39.71678798865311,-101.8472925635,30.74506933099511,12.174756297128592
observation_noise_x3,"Async, dominance, fatigue, retention, and latent-skill observation noise tripled.",Thompson,severe_left_weak,10,26.873097587326402,4.7850175372008845,0.007409763394179375,0.004719884313673301,19.293036557071915,1.443566157680387,0.41803208754197063,0.03129065379427963,0.5873166894191842,0.03411833770733707,-1.4594463772099748,0.1098144489115782,0.10074205093981829,0.04651611732117795,0.8992579490601816,0.046516117321177934,31.462520081646375,3.328484361578305,1.0,0.0,1.0,-48.360692104339996,17.606894592163908,0.8500229472018586,0.09008358302621716,78.5,28.02231253840411,0.7996434833645345,0.04083064965419833,78.5,28.02231253840411,78.5,28.02231253840411,48.360692104339996,-112.01083749477712,34.55627919007184,17.606894592163908
observation_noise_x2_transfer_x1p2,Observation noise doubled and transfer/interference scale increased to 1.2x.,PianoMPC,balanced,10,36.76112124753405,4.366925610341726,0.0005990740740740843,0.0008672525915863237,12.785977596708133,1.8461343204919851,0.47068247896945925,0.036497901512424075,0.6785881453718653,0.020830585913540263,-1.2471181126177757,0.05164871122293409,0.021759259259259256,0.028989763341580127,0.9782407407407406,0.028989763341580134,23.98298179071043,4.257643347399082,1.0,0.0,1.0,-19.688580124239206,9.41829869379353,0.42038558784673785,0.0898447533272989,28.0,12.449899597988733,0.48942571249569455,0.043017175225067164,28.0,12.449899597988733,28.0,12.449899597988733,19.688580124239206,-34.855682831937244,15.563962800745442,9.41829869379353
observation_noise_x2_transfer_x1p2,Observation noise doubled and transfer/interference scale increased to 1.2x.,PianoMPC,mild_left_weak,10,37.712271594828266,5.28903244858329,0.0016442772217656145,0.0015439029956097689,13.294412654658606,2.455963426977809,0.4719734714009337,0.0320787699059412,0.6547651116963067,0.03222653794911115,-1.3161774356901441,0.09437892459497811,0.05079214814098535,0.041664434619606595,0.9492078518590146,0.0416644346196066,22.476644888371666,7.2136224740230395,1.0,0.0,1.0,-15.518193481185742,7.552695104408416,0.4906966085613379,0.10086849043755175,30.7,10.070253224224304,0.5061515496689014,0.04921248470476081,30.7,10.070253224224304,30.7,10.070253224224304,15.518193481185742,-39.834680251041874,12.007922693515223,7.552695104408416
observation_noise_x2_transfer_x1p2,Observation noise doubled and transfer/interference scale increased to 1.2x.,PianoMPC,severe_left_weak,10,39.66723527340334,4.480907363553477,0.0025288162680954735,0.0021235728490529688,12.66193742922205,2.0099256205745992,0.43378184425897387,0.04956262732592507,0.619951841225932,0.039452155513075626,-1.3735031839735612,0.08163643350234266,0.07932224284401883,0.05696950351825598,0.9206777571559812,0.056969503518256,19.768509996416874,5.233130953992504,1.0,0.0,1.0,-18.132130987072706,10.333053879474848,0.5093921315107388,0.10712896005275929,28.4,13.03993865016243,0.5396767490974723,0.05150070313039061,28.4,13.03993865016243,28.4,13.03993865016243,18.132130987072706,-38.27004887875015,15.369528935052324,10.333053879474848
observation_noise_x2_transfer_x1p2,Observation noise doubled and transfer/interference scale increased to 1.2x.,BayesianMAB,balanced,10,28.92340730644768,7.881847736081377,0.005242234167234168,0.003938905468833429,12.478807406858085,2.5246147206087706,0.5110667463667464,0.0373302612183266,0.5855609872761465,0.050856725329144724,-1.2883309646207635,0.1275735801028108,0.07363102363102363,0.05482086139222624,0.9263689763689763,0.05482086139222625,29.52508844243105,4.49797431761659,1.0,0.0,1.0,-17.190452410226193,5.787594209237996,0.5432475069117693,0.17491483169750685,30.0,11.899579824514813,0.6487177267115511,0.10744534453923134,30.0,11.899579824514813,30.0,11.899579824514813,17.190452410226193,-37.793367632051726,13.01093229021648,5.787594209237996
observation_noise_x2_transfer_x1p2,Observation noise doubled and transfer/interference scale increased to 1.2x.,BayesianMAB,mild_left_weak,10,28.835328390135203,6.642653869603174,0.005356865155084803,0.0032123224651161575,13.263307995513964,1.6931848009879704,0.44133899845466357,0.08104130384223424,0.5771456753328691,0.0434845334124825,-1.3245348903423064,0.14992628968633473,0.09089924599388617,0.06600990028433323,0.9091007540061138,0.06600990028433322,24.73663513379234,8.334720696612214,1.0,0.0,1.0,-22.62652895009814,7.873864885010444,0.5976201141553302,0.14397311723836476,32.8,17.29045979724079,0.67059964418214,0.0983637714351437,32.8,17.29045979724079,32.8,17.29045979724079,22.62652895009814,-41.92791791471153,18.313955024920507,7.873864885010444
observation_noise_x2_transfer_x1p2,Observation noise doubled and transfer/interference scale increased to 1.2x.,BayesianMAB,severe_left_weak,10,29.167300662330007,5.112795067571052,0.002697707938369179,0.0026875951053617424,13.589314821779391,2.01211390105752,0.3811424998421716,0.06892079411917215,0.5438937203069789,0.0459845071931302,-1.3983726841812767,0.12022996994138042,0.05286093356981193,0.030999783608904024,0.9471390664301881,0.030999783608904027,29.14610110360267,4.960434663303651,1.0,0.0,1.0,-33.160736958900095,13.709740386178437,0.7199243095489661,0.11600036247970152,39.4,13.001538370516007,0.7406461253164152,0.0712663510656871,39.4,13.001538370516007,39.4,13.001538370516007,33.160736958900095,-53.74317049101054,12.557701025373177,13.709740386178437
observation_noise_x2_transfer_x1p2,Observation noise doubled and transfer/interference scale increased to 1.2x.,CCB-DF,balanced,10,26.08811119164762,3.353185623242439,0.005086762189493904,0.0032936256033659714,13.660585929281075,1.4651452091588655,0.5409405647566868,0.027131437180016156,0.5545581996621143,0.03213485171460593,-1.3528774089359665,0.07746704572502797,0.08398871474481232,0.038538530069789724,0.9160112852551876,0.03853853006978972,29.17350234996793,4.214294198077109,1.0,0.0,1.0,-32.90649421593827,12.627885921051977,0.704569022013518,0.05086434568401582,46.9,10.97679370308106,0.7129552549821997,0.04306268366250277,46.9,10.97679370308106,46.9,10.97679370308106,32.90649421593827,-62.95389234213724,12.299273434232804,12.627885921051977
observation_noise_x2_transfer_x1p2,Observation noise doubled and transfer/interference scale increased to 1.2x.,CCB-DF,mild_left_weak,10,28.11640719917393,3.8032908395042617,0.0054003032047997964,0.003462871137524096,13.927789695082074,1.3020301887430266,0.48208977634565137,0.03105524875825454,0.5353590184704474,0.03267816383371437,-1.4129521416820183,0.09324781135463968,0.09163852222855874,0.04381840301596312,0.9083614777714413,0.04381840301596313,28.57586941041054,4.797479059440555,1.0,0.0,1.0,-35.482849170998946,13.380263673666628,0.7089219595489774,0.09622365999339375,43.5,14.23551895787435,0.7281650522160865,0.04544711568699937,43.5,14.23551895787435,43.5,14.23551895787435,35.482849170998946,-60.39275669463224,15.363453850711892,13.380263673666628
observation_noise_x2_transfer_x1p2,Observation noise doubled and transfer/interference scale increased to 1.2x.,CCB-DF,severe_left_weak,10,31.740006181893147,5.800592533760657,0.003470238693647995,0.0022911983540911396,14.179870421879546,1.646955392653347,0.4366003947111041,0.03362365835149757,0.5103691111041484,0.05113246433796933,-1.5054524241134513,0.12223799378616029,0.08497029467794084,0.049393934583137684,0.9150297053220593,0.049393934583137684,27.218868326740665,6.879284606471621,1.0,0.0,1.0,-35.3636210788015,12.340620133255584,0.7693415172330601,0.12745725114641612,48.4,15.564061166674977,0.7607375686382953,0.0712807415491412,48.4,15.564061166674977,48.4,15.564061166674977,35.3636210788015,-71.3443928329653,18.77883023089108,12.340620133255584
observation_noise_x2_transfer_x1p2,Observation noise doubled and transfer/interference scale increased to 1.2x.,LinUCB,balanced,10,25.738565041463318,5.830850012761849,0.0030007184224827474,0.0019412024948986543,14.435679710584196,1.4995568438380031,0.5430774215363058,0.026298266203151104,0.56998650454891,0.04153530175632509,-1.3450403297825981,0.12143010988979583,0.05740901010879838,0.041615987612888275,0.9425909898912016,0.04161598761288826,30.567215748358915,2.8563658385402655,1.0,0.0,1.0,-38.36386262908787,9.96598769343064,0.7076317621320051,0.08862711798491348,53.1,18.662529303392937,0.7211804011481726,0.04736804542383553,53.1,18.662529303392937,53.1,18.662529303392937,38.36386262908787,-69.56712679618578,19.19259385083436,9.96598769343064
observation_noise_x2_transfer_x1p2,Observation noise doubled and transfer/interference scale increased to 1.2x.,LinUCB,mild_left_weak,10,28.40879811287025,7.35830198238745,0.0020725505976772456,0.0019316424420653157,14.071395047815674,1.4424713746058324,0.49173921116976194,0.02309120590198036,0.5547911498920349,0.05312081091703194,-1.3904461559386248,0.17173905533919248,0.0541377171771145,0.034356431180998646,0.9458622828228854,0.034356431180998646,28.563013889147054,6.021413247128521,1.0,0.0,1.0,-35.12175753839078,16.972154903535323,0.7313820604120185,0.1339734074405457,49.0,15.244671200127604,0.7212996391762321,0.07781568836607639,49.0,15.244671200127604,49.0,15.244671200127604,35.12175753839078,-66.09555936855617,16.432208319177633,16.972154903535323
observation_noise_x2_transfer_x1p2,Observation noise doubled and transfer/interference scale increased to 1.2x.,LinUCB,severe_left_weak,10,28.66889214300472,6.047857172008293,0.003150994070066562,0.002306294576754966,14.372653062715568,1.48901930007801,0.4517471983001105,0.018312176270954737,0.5434872818096823,0.04497002500409764,-1.421202303103131,0.1204465609920895,0.07959652865668762,0.031629951082498595,0.9204034713433125,0.03162995108249859,28.8991989288081,3.6947159950913364,1.0,0.0,1.0,-40.58496386096617,10.704391921144557,0.7963674631909405,0.10341103900882706,49.6,17.76626015795108,0.7807540949847537,0.060295427121861665,49.6,17.76626015795108,49.6,17.76626015795108,40.58496386096617,-68.6376666726251,17.763655342964586,10.704391921144557
observation_noise_x2_transfer_x1p2,Observation noise doubled and transfer/interference scale increased to 1.2x.,Thompson,balanced,10,26.652343764913006,7.4891701615563235,0.004359524884616511,0.006961505622362952,12.856020690185753,1.5553779123498728,0.5097786974921743,0.038872973393794606,0.5768480734586208,0.04659378006252833,-1.2969399908934374,0.1236382676120607,0.0578109415929557,0.052651231404982825,0.9421890584070443,0.05265123140498283,25.203704539851888,5.089873074583035,1.0,0.0,1.0,-29.83359697962208,10.512122017928206,0.6454394102961432,0.1509526223667591,44.1,22.927930565142592,0.7045387562156262,0.07861733986187842,44.1,22.927930565142592,44.1,22.927930565142592,29.83359697962208,-54.80190420362534,23.404275478184665,10.512122017928206
observation_noise_x2_transfer_x1p2,Observation noise doubled and transfer/interference scale increased to 1.2x.,Thompson,mild_left_weak,10,26.64758975312023,7.756211146426525,0.004254139326970519,0.0025324469641626224,13.534922583965136,0.7921321720113133,0.48934083709534815,0.03121496134291172,0.5818990708314236,0.03168847083149714,-1.3124294690506753,0.13637362110013138,0.08934090676551229,0.03665081790298905,0.9106590932344878,0.03665081790298903,27.85172205508257,4.829147926797868,1.0,0.0,1.0,-34.17097043235476,17.243837761806372,0.7465743760136201,0.12779711783548836,53.7,25.9038607161172,0.760160064547482,0.07345881663547621,53.7,25.9038607161172,53.7,25.9038607161172,34.17097043235476,-67.40404238597772,25.612333014738805,17.243837761806372
observation_noise_x2_transfer_x1p2,Observation noise doubled and transfer/interference scale increased to 1.2x.,Thompson,severe_left_weak,10,25.515683526154127,5.978001121897508,0.0051440699980621965,0.0038667355818167454,14.223362898197308,1.8965762939160002,0.43238738545192107,0.03669892360105547,0.576302099607924,0.03379749901410658,-1.3268022417466727,0.1419969842885949,0.07632563017948236,0.044373319598471385,0.9236743698205176,0.044373319598471406,28.853649302420074,6.488294905631324,1.0,0.0,1.0,-38.53837237069258,9.386005871593293,0.8377513829182732,0.10581618443234143,52.0,12.984606270503546,0.8111771361497541,0.05613789103000979,52.0,12.984606270503546,52.0,12.984606270503546,38.53837237069258,-67.35454384680656,12.16868679974358,9.386005871593293
observation_noise_x3_transfer_x1p2,Observation noise tripled and transfer/interference scale increased to 1.2x.,PianoMPC,balanced,10,32.77667784163783,5.904788824736626,0.0012392284173020646,0.0015813507661742564,19.363458843738705,2.363681506059417,0.4932388984629764,0.04297106300695378,0.7077680153742916,0.02903141802812515,-1.340877569351925,0.06795801055197108,0.03703652743631296,0.03739867891943249,0.9629634725636871,0.0373986789194325,23.58496856281708,6.3678812147142665,1.0,0.0,1.0,-20.26511531904723,6.949402286293493,0.565472914855194,0.0708125375168996,53.4,20.49975609611002,0.5553929956845787,0.06096915071114487,53.4,20.49975609611002,53.4,20.49975609611002,20.26511531904723,-70.63749724156938,23.932207128470786,6.949402286293493
observation_noise_x3_transfer_x1p2,Observation noise tripled and transfer/interference scale increased to 1.2x.,PianoMPC,mild_left_weak,10,37.98964881031348,3.562849312485745,0.0025734272047664227,0.002460211828044915,19.88150058861044,2.613685563034945,0.46197920166433376,0.03961546822812364,0.6623944971093348,0.02943968023171547,-1.4670088373947174,0.08005743654064436,0.05842666817072948,0.03853222578831923,0.9415733318292705,0.03853222578831924,22.642950501380902,6.439142831567104,1.0,0.0,1.0,-16.68583183199184,8.594219887630466,0.5232529601397771,0.06788373555240591,34.6,12.06813987323647,0.5369774058642987,0.047954211527178735,34.6,12.06813987323647,34.6,12.06813987323647,16.68583183199184,-50.58010340310868,17.283163786997154,8.594219887630466
observation_noise_x3_transfer_x1p2,Observation noise tripled and transfer/interference scale increased to 1.2x.,PianoMPC,severe_left_weak,10,34.84475117990404,6.530576673236966,0.0024191921618502183,0.0029570723731676316,20.020183703157734,3.4321487082224444,0.42076906047713464,0.020276000715843012,0.6805455455391896,0.03990277770181772,-1.4206145530559824,0.15969531041077417,0.05155054485265097,0.044577544282343326,0.948449455147349,0.04457754428234333,24.41313364377367,5.258834310743945,1.0,0.0,1.0,-25.334027189847966,17.37886584478037,0.6546427357049561,0.13000371895348528,61.2,32.03061035946708,0.6331384541206095,0.069685856443502,61.2,32.03061035946708,61.2,32.03061035946708,25.334027189847966,-85.05662627542428,41.9934166178446,17.37886584478037
observation_noise_x3_transfer_x1p2,Observation noise tripled and transfer/interference scale increased to 1.2x.,BayesianMAB,balanced,10,26.015215016337777,4.791573617451067,0.005106112656168912,0.005009033150521919,20.200092779697535,1.928174435153534,0.5124429545052511,0.05062969060123633,0.62498129521745,0.02936230898742818,-1.4006106031075227,0.10328103223992566,0.07461220488382173,0.056280981595798515,0.9253877951161783,0.056280981595798515,24.800590702082737,7.16611532934178,1.0,0.0,1.0,-22.872233434429337,8.870778836552041,0.6856284570898306,0.09426288779208522,50.6,18.30409790183608,0.7035844645748106,0.05513230983605914,50.6,18.30409790183608,50.6,18.30409790183608,22.872233434429337,-70.05053474554188,23.47589052871925,8.870778836552041
observation_noise_x3_transfer_x1p2,Observation noise tripled and transfer/interference scale increased to 1.2x.,BayesianMAB,mild_left_weak,10,30.0389969426388,7.130888554979352,0.005871142706499854,0.003187495169853219,19.48892520287493,1.9139365523158112,0.45565457279228705,0.054712400895090316,0.584674980608323,0.04789516467268886,-1.486090280470946,0.15187064023637434,0.10098222412508126,0.0419319022016532,0.8990177758749187,0.041931902201653215,29.638742352408258,2.888900161646201,1.0,0.0,1.0,-21.255359033665826,8.245667101782244,0.6931380235987175,0.13847046040862507,41.4,12.978443666326097,0.736729083079091,0.055553291047352404,41.4,12.978443666326097,41.4,12.978443666326097,21.255359033665826,-59.65970303295111,13.876639237398889,8.245667101782244
observation_noise_x3_transfer_x1p2,Observation noise tripled and transfer/interference scale increased to 1.2x.,BayesianMAB,severe_left_weak,10,27.41644003385189,3.9498682553835285,0.005932483001906725,0.004141380363542018,19.84373147637165,1.8446798055489548,0.43609360272853104,0.06527140620947412,0.6085725125698628,0.04481541536944033,-1.435834963490883,0.12904429425315264,0.10044122823783841,0.05696820186054012,0.8995587717621616,0.05696820186054012,28.125530232602635,3.930584697970023,1.0,0.0,1.0,-38.4213198796611,14.853501487983968,0.8494833886416583,0.11514386610418433,64.0,22.543291685111114,0.8129060253453716,0.031015226999679492,64.0,22.543291685111114,64.0,22.543291685111114,38.4213198796611,-89.5150806604199,26.360524688678982,14.853501487983968
observation_noise_x3_transfer_x1p2,Observation noise tripled and transfer/interference scale increased to 1.2x.,CCB-DF,balanced,10,24.04702714101378,3.9469424191697398,0.005088292890214975,0.003308827934183555,19.245252648610197,2.459169798005732,0.4978774706329623,0.029871868056178776,0.5912609956292576,0.03648982961550123,-1.4088432758250182,0.06862425140676717,0.07329729873109957,0.03749163022761456,0.9267027012689004,0.037491630227614564,29.8767881537595,4.55566946224131,1.0,0.0,1.0,-34.9642443766982,15.951997656629512,0.7483680411078575,0.09052164973199865,66.4,26.13120739652112,0.7417017792965047,0.03462842473017405,66.4,26.13120739652112,66.4,26.13120739652112,34.9642443766982,-92.56760485930438,32.85209103840305,15.951997656629512
observation_noise_x3_transfer_x1p2,Observation noise tripled and transfer/interference scale increased to 1.2x.,CCB-DF,mild_left_weak,10,28.510940118632625,5.4593354299474255,0.004081249366293346,0.002181750884697992,19.202862572903786,2.1815654546845753,0.4490732839588132,0.035864838037710865,0.559692501094934,0.03820781847410405,-1.5188461630174763,0.10322514825228297,0.06924276340560845,0.04116360744224674,0.9307572365943916,0.04116360744224675,28.18951598509785,5.700947549956175,1.0,0.0,1.0,-34.424707556591805,12.108044354609067,0.7760848646764009,0.06001011393758473,63.6,34.366262525913406,0.7507667222622689,0.033433562898892884,63.6,34.366262525913406,63.6,34.366262525913406,34.424707556591805,-93.48490881184325,40.47855177501317,12.108044354609067
observation_noise_x3_transfer_x1p2,Observation noise tripled and transfer/interference scale increased to 1.2x.,CCB-DF,severe_left_weak,10,29.439741388822444,9.199791981416558,0.005793997616305354,0.004926393113638863,20.27243323534622,1.4417607224296967,0.39658898344977905,0.029488105787439666,0.548568237356822,0.06599176947343546,-1.5653409621451488,0.18963328334966534,0.07872610371395501,0.050155842141740195,0.9212738962860451,0.05015584214174021,25.915486653095666,5.660199451794482,1.0,0.0,1.0,-42.17242065307151,18.00670274525233,0.8174691226693417,0.1396793948391937,68.9,36.8414169108627,0.765751090123125,0.08824337325370592,68.9,36.8414169108627,68.9,36.8414169108627,42.17242065307151,-102.3143967182651,45.21806321819654,18.00670274525233
observation_noise_x3_transfer_x1p2,Observation noise tripled and transfer/interference scale increased to 1.2x.,LinUCB,balanced,10,24.064980610653166,6.351939290094187,0.004897679833915725,0.003239467167032504,19.480843873091686,2.248346685131638,0.5281297148457172,0.03649531485152227,0.59924805310722,0.045831984315164,-1.4067672857512972,0.10365833539321652,0.08260460991477579,0.0478949399608032,0.9173953900852243,0.047894939960803205,29.60512187404879,5.76183607372392,1.0,0.0,1.0,-42.42538218838021,19.84007414342402,0.7479797906074499,0.05772692987988259,83.5,59.48319090297695,0.7363766896963637,0.02228441710844492,83.5,59.48319090297695,83.5,59.48319090297695,42.42538218838021,-111.89680495193053,69.53058231688985,19.84007414342402
observation_noise_x3_transfer_x1p2,Observation noise tripled and transfer/interference scale increased to 1.2x.,LinUCB,mild_left_weak,10,30.729772555036032,7.845173094880258,0.00456940955714085,0.0031460102137762097,18.811473656033957,2.2682120586369376,0.4767907401359297,0.02468946620809476,0.5541802080888618,0.06034594437947403,-1.539405153442401,0.15528235622985712,0.07211809981381884,0.029688901424962773,0.9278819001861811,0.029688901424962763,28.332251051249376,5.972459334002216,1.0,0.0,1.0,-30.505638513596722,13.710550939047765,0.7501680204983433,0.1160465715165247,57.8,24.862823652996454,0.7466604389623851,0.0565073562049178,57.8,24.862823652996454,57.8,24.862823652996454,30.505638513596722,-85.45297391207923,28.301519584725554,13.710550939047765
observation_noise_x3_transfer_x1p2,Observation noise tripled and transfer/interference scale increased to 1.2x.,LinUCB,severe_left_weak,10,27.3632169149624,4.212235549199899,0.004598674543805938,0.002705833767675399,18.84558240988741,1.8700080633977565,0.4318419855972871,0.019996799609599058,0.5613780145371925,0.04271210565943209,-1.4874187150563694,0.11447589425743641,0.0799252032886359,0.035113133066588816,0.920074796711364,0.035113133066588816,27.688797594574346,4.679947778730501,1.0,0.0,1.0,-36.583965920759304,9.574708162443006,0.8721062250438514,0.0477896262288682,58.5,11.851160280748886,0.8097608377615462,0.02016056697279375,58.5,11.851160280748886,58.5,11.851160280748886,36.583965920759304,-86.08327389388589,13.66899318131501,9.574708162443006
observation_noise_x3_transfer_x1p2,Observation noise tripled and transfer/interference scale increased to 1.2x.,Thompson,balanced,10,22.883290633901446,6.655350391015341,0.004561747239866564,0.003120848591649899,19.375809411411147,2.013862328423193,0.4948081573665798,0.023178983671864505,0.6244468355075802,0.03703880864014496,-1.3500390877688642,0.13587270408647134,0.07114878588282067,0.03125056037502132,0.9288512141171792,0.03125056037502134,26.593521974279565,5.190938754072247,1.0,0.0,1.0,-27.29951727446745,6.516075229598851,0.7417514403308635,0.06511451781250321,63.5,20.061156497071646,0.7283905319374305,0.036303310510686165,63.5,20.061156497071646,63.5,20.061156497071646,27.29951727446745,-83.76898989053564,22.036077176274848,6.516075229598851
observation_noise_x3_transfer_x1p2,Observation noise tripled and transfer/interference scale increased to 1.2x.,Thompson,mild_left_weak,10,25.831224844428174,4.324027999255502,0.006171631217614463,0.005158396843150708,19.781000950200216,2.25278709539174,0.48474164713120615,0.03816691798764449,0.608247496043415,0.022919943991825512,-1.4196158283236993,0.08554057423445188,0.09291662645632884,0.05483020325675351,0.9070833735436711,0.05483020325675351,27.44234148596356,5.5817555814167,1.0,0.0,1.0,-36.27015610462989,7.377248996180138,0.8122710740246898,0.03325292576238745,61.4,14.354093492798492,0.7785568906340321,0.025183928687099958,61.4,14.354093492798492,61.4,14.354093492798492,36.27015610462989,-86.61051280153868,17.827688188430386,7.377248996180138
observation_noise_x3_transfer_x1p2,Observation noise tripled and transfer/interference scale increased to 1.2x.,Thompson,severe_left_weak,10,25.89364960753167,6.10211024964682,0.0036791196000421967,0.002525492894310042,19.10077654065612,1.4150412029282988,0.41833493399823424,0.030602932126644063,0.6006082807152189,0.04260002430297305,-1.4133076320494813,0.13112539912003027,0.07744667063242915,0.04718083862053572,0.9225533293675708,0.04718083862053572,27.76770359186479,3.9021408625595413,1.0,0.0,1.0,-38.11202942377197,18.414820660491394,0.8370358594755627,0.07891564460511556,69.8,39.28816615725402,0.78064082979306,0.03598698605721806,69.8,39.28816615725402,69.8,39.28816615725402,38.11202942377197,-94.28760417710562,43.740372293074266,18.414820660491394
