agent,profile,W,Hg,delta_guard,num_steps,num_valid_steps,num_seeds,window_violation_rate,peak_violation_rate,rate_diff,agent_guard_pass_rate,std_guard_pass_rate,guard_false_negative_rate,window_violation_with_guard_rate
pianoMPC,balanced,5,3,0.0,1077,1057,5,0.14758751182592242,0.11258278145695365,0.03500473036896877,0.5458845789971618,0.8874172185430463,0.0293282876064333,0.10879848628192999
pianoMPC,balanced,10,3,0.0,1077,1032,5,0.26744186046511625,0.10949612403100775,0.1579457364341085,0.5474806201550387,0.8905038759689923,0.02810077519379845,0.21220930232558138
pianoMPC,balanced,20,3,0.0,1077,982,5,0.45213849287169044,0.109979633401222,0.3421588594704684,0.5529531568228105,0.890020366598778,0.028513238289205704,0.39307535641547864
pianoMPC,balanced,5,3,0.05,1058,1038,5,0.4441233140655106,0.10115606936416185,0.34296724470134876,0.7138728323699421,0.8988439306358381,0.02601156069364162,0.3670520231213873
pianoMPC,balanced,10,3,0.05,1058,1013,5,0.6495557749259625,0.10365251727541955,0.5459032576505429,0.7127344521224087,0.8963474827245804,0.02665350444225074,0.5597235932872655
pianoMPC,balanced,20,3,0.05,1058,963,5,0.8639667705088265,0.09865005192107996,0.7653167185877465,0.7123572170301142,0.90134994807892,0.024922118380062305,0.7736240913811008
pianoMPC,balanced,5,3,0.1,1063,1043,5,0.4333652924256951,0.003835091083413231,0.42953020134228187,0.7353787152444871,0.9961649089165868,0.0009587727708533077,0.42953020134228187
pianoMPC,balanced,10,3,0.1,1063,1018,5,0.6473477406679764,0.003929273084479371,0.6434184675834971,0.7347740667976425,0.9960707269155207,0.0009823182711198428,0.6434184675834971
pianoMPC,balanced,20,3,0.1,1063,968,5,0.8450413223140496,0.004132231404958678,0.8409090909090909,0.737603305785124,0.9958677685950413,0.0010330578512396695,0.8409090909090909
pianoMPC,balanced,5,5,0.0,1045,1025,5,0.17268292682926828,0.20097560975609757,-0.028292682926829293,0.08682926829268292,0.7990243902439025,0.010731707317073172,0.12292682926829268
pianoMPC,balanced,10,5,0.0,1045,1000,5,0.326,0.205,0.12100000000000002,0.087,0.795,0.011,0.241
pianoMPC,balanced,20,5,0.0,1045,950,5,0.5284210526315789,0.2094736842105263,0.3189473684210526,0.0863157894736842,0.7905263157894736,0.010526315789473684,0.3957894736842105
pianoMPC,balanced,5,5,0.05,1037,1017,5,0.45427728613569324,0.11307767944936087,0.34119960668633237,0.3274336283185841,0.8869223205506391,0.01671583087512291,0.38741396263520156
pianoMPC,balanced,10,5,0.05,1037,992,5,0.7600806451612904,0.1159274193548387,0.6441532258064516,0.32560483870967744,0.8840725806451613,0.017137096774193547,0.6723790322580645
pianoMPC,balanced,20,5,0.05,1037,942,5,0.964968152866242,0.11571125265392782,0.8492569002123143,0.32802547770700635,0.8842887473460722,0.018046709129511677,0.8503184713375797
pianoMPC,balanced,5,5,0.1,1045,1025,5,0.42048780487804877,0.0,0.42048780487804877,0.5063414634146342,1.0,0.0,0.42048780487804877
pianoMPC,balanced,10,5,0.1,1045,1000,5,0.676,0.0,0.676,0.506,1.0,0.0,0.676
pianoMPC,balanced,20,5,0.1,1045,950,5,0.9073684210526316,0.0,0.9073684210526316,0.5052631578947369,1.0,0.0,0.9073684210526316
pianoMPC,balanced,5,7,0.0,1072,1052,5,0.21577946768060838,0.3269961977186312,-0.11121673003802282,0.10171102661596958,0.6730038022813688,0.017110266159695818,0.1435361216730038
pianoMPC,balanced,10,7,0.0,1072,1027,5,0.4079844206426485,0.32035053554040893,0.08763388510223957,0.10321324245374879,0.6796494644595911,0.016553067185978577,0.2804284323271665
pianoMPC,balanced,20,7,0.0,1072,977,5,0.661207778915046,0.30808597748208805,0.35312180143295796,0.10337768679631525,0.691914022517912,0.016376663254861822,0.44012282497441146
pianoMPC,balanced,5,7,0.05,1031,1011,5,0.4134520276953511,0.1414441147378833,0.27200791295746785,0.1552917903066271,0.8585558852621167,0.011869436201780416,0.34718100890207715
pianoMPC,balanced,10,7,0.05,1031,986,5,0.6845841784989858,0.14503042596348883,0.539553752535497,0.15415821501014199,0.8549695740365112,0.012170385395537525,0.5851926977687627
pianoMPC,balanced,20,7,0.05,1031,936,5,0.9188034188034188,0.1420940170940171,0.7767094017094016,0.15491452991452992,0.8579059829059829,0.011752136752136752,0.7927350427350427
pianoMPC,balanced,5,7,0.1,1039,1019,5,0.4946025515210991,0.007850834151128557,0.4867517173699705,0.1481844946025515,0.9921491658488715,0.0,0.4916584887144259
pianoMPC,balanced,10,7,0.1,1039,994,5,0.7746478873239436,0.008048289738430584,0.766599597585513,0.14688128772635814,0.9919517102615694,0.0,0.7706237424547284
pianoMPC,balanced,20,7,0.1,1039,944,5,0.9544491525423728,0.00847457627118644,0.9459745762711864,0.1461864406779661,0.9915254237288136,0.0,0.9459745762711864
pianoMPC,mild_left_weak,5,3,0.0,1072,1052,5,0.30038022813688214,0.2414448669201521,0.05893536121673004,0.4667300380228137,0.7585551330798479,0.08460076045627377,0.21007604562737642
pianoMPC,mild_left_weak,10,3,0.0,1072,1027,5,0.5481986368062317,0.2385589094449854,0.30963972736124634,0.4644595910418695,0.7614410905550146,0.0827653359298929,0.41090555014605645
pianoMPC,mild_left_weak,20,3,0.0,1072,977,5,0.7881269191402251,0.23541453428863868,0.5527123848515865,0.4687819856704197,0.7645854657113613,0.08290685772773797,0.5987717502558854
pianoMPC,mild_left_weak,5,3,0.05,1082,1062,5,0.6318267419962336,0.1873822975517891,0.4444444444444445,0.6450094161958568,0.812617702448211,0.062146892655367235,0.5112994350282486
pianoMPC,mild_left_weak,10,3,0.05,1082,1037,5,0.8852459016393442,0.17647058823529413,0.7087753134040501,0.6460945033751205,0.8235294117647058,0.05785920925747348,0.7251687560270009
pianoMPC,mild_left_weak,20,3,0.05,1082,987,5,0.9989868287740629,0.1762917933130699,0.822695035460993,0.646403242147923,0.8237082066869301,0.05673758865248227,0.8226950354609929
pianoMPC,mild_left_weak,5,3,0.1,1041,1021,5,0.6552399608227228,0.0,0.6552399608227228,0.713026444662096,1.0,0.0,0.6552399608227228
pianoMPC,mild_left_weak,10,3,0.1,1041,996,5,0.893574297188755,0.0,0.893574297188755,0.7118473895582329,1.0,0.0,0.893574297188755
pianoMPC,mild_left_weak,20,3,0.1,1041,946,5,0.9989429175475687,0.0,0.9989429175475687,0.7124735729386892,1.0,0.0,0.9989429175475687
pianoMPC,mild_left_weak,5,5,0.0,1052,1032,5,0.14147286821705427,0.16763565891472867,-0.02616279069767441,0.10368217054263566,0.8323643410852714,0.015503875968992248,0.07751937984496124
pianoMPC,mild_left_weak,10,5,0.0,1052,1007,5,0.2413108242303873,0.1717974180734856,0.06951340615690169,0.10327706057596822,0.8282025819265144,0.015888778550148957,0.16385302879841113
pianoMPC,mild_left_weak,20,5,0.0,1052,957,5,0.4211076280041797,0.180773249738767,0.24033437826541273,0.1044932079414838,0.819226750261233,0.01671891327063741,0.33019853709508884
pianoMPC,mild_left_weak,5,5,0.05,1060,1040,5,0.4442307692307692,0.09134615384615384,0.35288461538461535,0.27692307692307694,0.9086538461538461,0.016346153846153847,0.37596153846153846
pianoMPC,mild_left_weak,10,5,0.05,1060,1015,5,0.6660098522167488,0.08374384236453201,0.5822660098522168,0.27586206896551724,0.916256157635468,0.013793103448275862,0.5911330049261084
pianoMPC,mild_left_weak,20,5,0.05,1060,965,5,0.8932642487046633,0.08601036269430051,0.8072538860103627,0.277720207253886,0.9139896373056995,0.014507772020725389,0.8082901554404145
pianoMPC,mild_left_weak,5,5,0.1,1058,1038,5,0.5780346820809249,0.017341040462427744,0.5606936416184971,0.43641618497109824,0.9826589595375722,0.002890173410404624,0.5674373795761078
pianoMPC,mild_left_weak,10,5,0.1,1058,1013,5,0.824284304047384,0.017769002961500493,0.8065153010858834,0.43435340572556763,0.9822309970384995,0.0029615004935834156,0.8094768015794669
pianoMPC,mild_left_weak,20,5,0.1,1058,963,5,0.9844236760124611,0.013499480789200415,0.9709241952232607,0.4392523364485981,0.9865005192107996,0.0020768431983385254,0.9709241952232607
pianoMPC,mild_left_weak,5,7,0.0,1059,1039,5,0.11068334937439846,0.16554379210779596,-0.054860442733397505,0.10587102983638114,0.8344562078922041,0.013474494706448507,0.07314725697786333
pianoMPC,mild_left_weak,10,7,0.0,1059,1014,5,0.20512820512820512,0.16962524654832348,0.035502958579881644,0.10650887573964497,0.8303747534516766,0.013806706114398421,0.16666666666666666
pianoMPC,mild_left_weak,20,7,0.0,1059,964,5,0.3962655601659751,0.16390041493775934,0.23236514522821575,0.10477178423236515,0.8360995850622407,0.013485477178423237,0.34439834024896265
pianoMPC,mild_left_weak,5,7,0.05,1035,1015,5,0.387192118226601,0.061083743842364535,0.32610837438423645,0.17339901477832512,0.9389162561576355,0.005911330049261084,0.3399014778325123
pianoMPC,mild_left_weak,10,7,0.05,1035,990,5,0.5747474747474748,0.05757575757575758,0.5171717171717172,0.1707070707070707,0.9424242424242424,0.005050505050505051,0.5242424242424243
pianoMPC,mild_left_weak,20,7,0.05,1035,940,5,0.8021276595744681,0.059574468085106386,0.7425531914893617,0.17340425531914894,0.9404255319148936,0.005319148936170213,0.7446808510638298
pianoMPC,mild_left_weak,5,7,0.1,1030,1010,5,0.44752475247524753,0.047524752475247525,0.4,0.1712871287128713,0.9524752475247524,0.005940594059405941,0.4267326732673267
pianoMPC,mild_left_weak,10,7,0.1,1030,985,5,0.6944162436548224,0.048730964467005075,0.6456852791878173,0.1715736040609137,0.9512690355329949,0.006091370558375634,0.6639593908629442
pianoMPC,mild_left_weak,20,7,0.1,1030,935,5,0.9176470588235294,0.051336898395721926,0.8663101604278074,0.1711229946524064,0.948663101604278,0.006417112299465241,0.8705882352941177
pianoMPC,severe_left_weak,5,3,0.0,1044,1024,5,0.2578125,0.205078125,0.052734375,0.396484375,0.794921875,0.0546875,0.1787109375
pianoMPC,severe_left_weak,10,3,0.0,1044,999,5,0.46046046046046046,0.2062062062062062,0.2542542542542543,0.3913913913913914,0.7937937937937938,0.055055055055055056,0.3533533533533533
pianoMPC,severe_left_weak,20,3,0.0,1044,949,5,0.6965226554267651,0.20231822971549,0.4942044257112751,0.39199157007376184,0.79768177028451,0.05268703898840885,0.530031612223393
pianoMPC,severe_left_weak,5,3,0.05,1049,1029,5,0.5568513119533528,0.11273080660835763,0.44412050534499514,0.6219630709426628,0.8872691933916423,0.025267249757045675,0.48104956268221577
pianoMPC,severe_left_weak,10,3,0.05,1049,1004,5,0.8207171314741036,0.11553784860557768,0.7051792828685259,0.6185258964143426,0.8844621513944223,0.025896414342629483,0.7161354581673307
pianoMPC,severe_left_weak,20,3,0.05,1049,954,5,0.9758909853249476,0.11740041928721175,0.8584905660377358,0.6174004192872118,0.8825995807127882,0.025157232704402517,0.860587002096436
pianoMPC,severe_left_weak,5,3,0.1,1040,1020,5,0.5490196078431373,0.00392156862745098,0.5450980392156863,0.6598039215686274,0.996078431372549,0.000980392156862745,0.5450980392156862
pianoMPC,severe_left_weak,10,3,0.1,1040,995,5,0.7919597989949749,0.004020100502512563,0.7879396984924624,0.6592964824120603,0.9959798994974874,0.0010050251256281408,0.7879396984924623
pianoMPC,severe_left_weak,20,3,0.1,1040,945,5,0.9714285714285714,0.004232804232804233,0.9671957671957672,0.6571428571428571,0.9957671957671957,0.0010582010582010583,0.9671957671957672
pianoMPC,severe_left_weak,5,5,0.0,1057,1037,5,0.2757955641272903,0.3105110896817743,-0.03471552555448404,0.1253616200578592,0.6894889103182257,0.02507232401157184,0.15911282545805208
pianoMPC,severe_left_weak,10,5,0.0,1057,1012,5,0.48122529644268774,0.308300395256917,0.17292490118577075,0.12648221343873517,0.691699604743083,0.025691699604743084,0.32608695652173914
pianoMPC,severe_left_weak,20,5,0.0,1057,962,5,0.7567567567567568,0.3108108108108108,0.445945945945946,0.12162162162162163,0.6891891891891891,0.02598752598752599,0.5187110187110187
pianoMPC,severe_left_weak,5,5,0.05,1077,1057,5,0.5695364238410596,0.16367076631977295,0.40586565752128667,0.20056764427625354,0.836329233680227,0.02459791863765374,0.45411542100283825
pianoMPC,severe_left_weak,10,5,0.05,1077,1032,5,0.8284883720930233,0.16763565891472867,0.6608527131782946,0.2005813953488372,0.8323643410852714,0.025193798449612403,0.687015503875969
pianoMPC,severe_left_weak,20,5,0.05,1077,982,5,0.9806517311608961,0.1680244399185336,0.8126272912423624,0.19959266802443992,0.8319755600814664,0.025458248472505093,0.8197556008146639
pianoMPC,severe_left_weak,5,5,0.1,1055,1035,5,0.5710144927536231,0.0,0.5710144927536231,0.42995169082125606,1.0,0.0,0.5710144927536231
pianoMPC,severe_left_weak,10,5,0.1,1055,1010,5,0.8336633663366336,0.0,0.8336633663366336,0.4316831683168317,1.0,0.0,0.8336633663366336
pianoMPC,severe_left_weak,20,5,0.1,1055,960,5,0.9802083333333333,0.0,0.9802083333333333,0.4322916666666667,1.0,0.0,0.9802083333333333
pianoMPC,severe_left_weak,5,7,0.0,1061,1041,5,0.2814601344860711,0.40057636887608067,-0.11911623439000957,0.10662824207492795,0.5994236311239193,0.024015369836695485,0.14985590778097982
pianoMPC,severe_left_weak,10,7,0.0,1061,1016,5,0.49606299212598426,0.4005905511811024,0.09547244094488189,0.10531496062992125,0.5994094488188977,0.023622047244094488,0.2755905511811024
pianoMPC,severe_left_weak,20,7,0.0,1061,966,5,0.7432712215320911,0.39855072463768115,0.34472049689441,0.10351966873706005,0.6014492753623188,0.022774327122153208,0.43478260869565216
pianoMPC,severe_left_weak,5,7,0.05,1051,1031,5,0.5926285160038798,0.1988360814742968,0.393792434529583,0.19786614936954414,0.8011639185257032,0.02424830261881668,0.45489815712900095
pianoMPC,severe_left_weak,10,7,0.05,1051,1006,5,0.827037773359841,0.19284294234592445,0.6341948310139165,0.1978131212723658,0.8071570576540755,0.02286282306163022,0.6630218687872763
pianoMPC,severe_left_weak,20,7,0.05,1051,956,5,0.9539748953974896,0.19456066945606695,0.7594142259414226,0.19874476987447698,0.805439330543933,0.02405857740585774,0.7677824267782427
pianoMPC,severe_left_weak,5,7,0.1,1073,1053,5,0.5792972459639126,0.0,0.5792972459639126,0.2003798670465337,1.0,0.0,0.5792972459639126
pianoMPC,severe_left_weak,10,7,0.1,1073,1028,5,0.8365758754863813,0.0,0.8365758754863813,0.20038910505836577,1.0,0.0,0.8365758754863813
pianoMPC,severe_left_weak,20,7,0.1,1073,978,5,0.9795501022494888,0.0,0.9795501022494888,0.20143149284253578,1.0,0.0,0.9795501022494888
