param_name,scale,agent,metric,value_mean,value_std,n_seeds
eta_forget,-0.3,autocurriculum,avg_fatigue,0.5278251325498562,0.007988665628621815,10
eta_forget,-0.3,autocurriculum,feasible_rate,0.9350000000000002,0.011573703697777573,10
eta_forget,-0.3,autocurriculum,learn_slope,0.0,0.0,10
eta_forget,-0.3,autocurriculum,ttm,600.0,0.0,10
eta_forget,-0.3,bayesianmab,avg_fatigue,0.48410454236412903,0.13986344980594048,10
eta_forget,-0.3,bayesianmab,feasible_rate,0.9216559337848704,0.04523193827693303,10
eta_forget,-0.3,bayesianmab,learn_slope,0.0025,0.002,10
eta_forget,-0.3,bayesianmab,ttm,72.9,51.93682059322975,10
eta_forget,-0.3,ccb_df,avg_fatigue,0.5399873532197361,0.021126915447657123,10
eta_forget,-0.3,ccb_df,feasible_rate,0.9088300415101825,0.027032030047332074,10
eta_forget,-0.3,ccb_df,learn_slope,0.001,0.0005,10
eta_forget,-0.3,ccb_df,ttm,89.9,35.92724128939859,10
eta_forget,-0.3,dqn,avg_fatigue,0.5279901490271369,0.03762180139417972,10
eta_forget,-0.3,dqn,feasible_rate,0.9266361723868227,0.034505736220407916,10
eta_forget,-0.3,dqn,learn_slope,0.0009,0.0011,10
eta_forget,-0.3,dqn,ttm,219.1,226.23313933492,10
eta_forget,-0.3,linucb,avg_fatigue,0.5601212623333703,0.008045196380889593,10
eta_forget,-0.3,linucb,feasible_rate,0.9756893720391403,0.01027912039598999,10
eta_forget,-0.3,linucb,learn_slope,0.0002,0.0003,10
eta_forget,-0.3,linucb,ttm,365.6,195.0214802983963,10
eta_forget,-0.3,pianoMPC,avg_fatigue,0.5594549514407718,0.02138979196863775,10
eta_forget,-0.3,pianoMPC,feasible_rate,0.8829876305702262,0.03469091506240445,10
eta_forget,-0.3,pianoMPC,learn_slope,0.0043,0.0025,10
eta_forget,-0.3,pianoMPC,ttm,42.1,13.303717107969822,10
eta_forget,-0.3,safe_ac,avg_fatigue,0.5254848739227891,0.05137827984190654,10
eta_forget,-0.3,safe_ac,feasible_rate,0.9216407980259476,0.046840644197449884,10
eta_forget,-0.3,safe_ac,learn_slope,0.0019,0.0019,10
eta_forget,-0.3,safe_ac,ttm,77.0,39.7994974842648,10
eta_forget,-0.3,thompson,avg_fatigue,0.5584428725393183,0.018031978999765424,10
eta_forget,-0.3,thompson,feasible_rate,0.8961473404761774,0.016184609516820686,10
eta_forget,-0.3,thompson,learn_slope,0.001,0.0011,10
eta_forget,-0.3,thompson,ttm,137.8,81.47228567637791,10
eta_forget,-0.15,autocurriculum,avg_fatigue,0.5278251325498562,0.007988665628621815,10
eta_forget,-0.15,autocurriculum,feasible_rate,0.9350000000000002,0.011573703697777573,10
eta_forget,-0.15,autocurriculum,learn_slope,0.0,0.0,10
eta_forget,-0.15,autocurriculum,ttm,600.0,0.0,10
eta_forget,-0.15,bayesianmab,avg_fatigue,0.5082479449069094,0.08213655129855728,10
eta_forget,-0.15,bayesianmab,feasible_rate,0.912960425707517,0.03645705563935819,10
eta_forget,-0.15,bayesianmab,learn_slope,0.0022,0.0015,10
eta_forget,-0.15,bayesianmab,ttm,69.5,41.8840993430416,10
eta_forget,-0.15,ccb_df,avg_fatigue,0.5404018901961325,0.019912619989919843,10
eta_forget,-0.15,ccb_df,feasible_rate,0.9150630981058198,0.03296144805160278,10
eta_forget,-0.15,ccb_df,learn_slope,0.0009,0.0005,10
eta_forget,-0.15,ccb_df,ttm,97.6,46.626649509099884,10
eta_forget,-0.15,dqn,avg_fatigue,0.5225189961100892,0.03281007987675361,10
eta_forget,-0.15,dqn,feasible_rate,0.9273672438980082,0.03207095131376541,10
eta_forget,-0.15,dqn,learn_slope,0.0013,0.0014,10
eta_forget,-0.15,dqn,ttm,208.7,227.00663230643968,10
eta_forget,-0.15,linucb,avg_fatigue,0.5597535795720026,0.0058435831025178105,10
eta_forget,-0.15,linucb,feasible_rate,0.9751107808972431,0.008059766676718066,10
eta_forget,-0.15,linucb,learn_slope,0.0003,0.0006,10
eta_forget,-0.15,linucb,ttm,298.5,182.07095686389232,10
eta_forget,-0.15,pianoMPC,avg_fatigue,0.5622163800122004,0.019554925426168594,10
eta_forget,-0.15,pianoMPC,feasible_rate,0.8801304877130833,0.03806817621671725,10
eta_forget,-0.15,pianoMPC,learn_slope,0.004,0.0022,10
eta_forget,-0.15,pianoMPC,ttm,42.8,12.6473536977328,10
eta_forget,-0.15,safe_ac,avg_fatigue,0.5315552983259721,0.035537226496283596,10
eta_forget,-0.15,safe_ac,feasible_rate,0.9197177211028705,0.04354491718729416,10
eta_forget,-0.15,safe_ac,learn_slope,0.0014,0.0009,10
eta_forget,-0.15,safe_ac,ttm,79.3,37.30370848409936,10
eta_forget,-0.15,thompson,avg_fatigue,0.5357786130562231,0.024989885072700523,10
eta_forget,-0.15,thompson,feasible_rate,0.9160484119351013,0.03327607797319302,10
eta_forget,-0.15,thompson,learn_slope,0.0013,0.0011,10
eta_forget,-0.15,thompson,ttm,91.3,47.95379720800707,10
eta_forget,0.0,autocurriculum,avg_fatigue,0.5278251325498562,0.007988665628621815,10
eta_forget,0.0,autocurriculum,feasible_rate,0.9350000000000002,0.011573703697777573,10
eta_forget,0.0,autocurriculum,learn_slope,0.0,0.0,10
eta_forget,0.0,autocurriculum,ttm,600.0,0.0,10
eta_forget,0.0,bayesianmab,avg_fatigue,0.5120590918907263,0.08157873295347458,10
eta_forget,0.0,bayesianmab,feasible_rate,0.9011597796664169,0.039483346495236125,10
eta_forget,0.0,bayesianmab,learn_slope,0.0022,0.0016,10
eta_forget,0.0,bayesianmab,ttm,69.3,37.33645820255466,10
eta_forget,0.0,ccb_df,avg_fatigue,0.5372858989550082,0.024087744659515156,10
eta_forget,0.0,ccb_df,feasible_rate,0.9157362381030275,0.031895891214634355,10
eta_forget,0.0,ccb_df,learn_slope,0.0008,0.0004,10
eta_forget,0.0,ccb_df,ttm,96.0,33.90181902690965,10
eta_forget,0.0,dqn,avg_fatigue,0.520372103408294,0.04227435332305036,10
eta_forget,0.0,dqn,feasible_rate,0.928408191017423,0.045559973013053846,10
eta_forget,0.0,dqn,learn_slope,0.001,0.0009,10
eta_forget,0.0,dqn,ttm,210.4,227.2332135347589,10
eta_forget,0.0,linucb,avg_fatigue,0.5599975126510727,0.007343385382857137,10
eta_forget,0.0,linucb,feasible_rate,0.9750408625462367,0.008686366087780116,10
eta_forget,0.0,linucb,learn_slope,0.0003,0.0005,10
eta_forget,0.0,linucb,ttm,309.8,188.01170176348066,10
eta_forget,0.0,pianoMPC,avg_fatigue,0.5622163800122004,0.019554925426168594,10
eta_forget,0.0,pianoMPC,feasible_rate,0.8801304877130833,0.03806817621671725,10
eta_forget,0.0,pianoMPC,learn_slope,0.004,0.0022,10
eta_forget,0.0,pianoMPC,ttm,42.8,12.6473536977328,10
eta_forget,0.0,safe_ac,avg_fatigue,0.5390126107783602,0.03590698256861255,10
eta_forget,0.0,safe_ac,feasible_rate,0.916597499597043,0.043871103312546636,10
eta_forget,0.0,safe_ac,learn_slope,0.0013,0.0008,10
eta_forget,0.0,safe_ac,ttm,78.1,27.67449688391422,10
eta_forget,0.0,thompson,avg_fatigue,0.5532974918722247,0.01646032348937001,10
eta_forget,0.0,thompson,feasible_rate,0.9090989697980758,0.021681445549864366,10
eta_forget,0.0,thompson,learn_slope,0.0005,0.0004,10
eta_forget,0.0,thompson,ttm,159.9,92.79301937346605,10
eta_forget,0.15,autocurriculum,avg_fatigue,0.5278251325498562,0.007988665628621815,10
eta_forget,0.15,autocurriculum,feasible_rate,0.9350000000000002,0.011573703697777573,10
eta_forget,0.15,autocurriculum,learn_slope,0.0,0.0,10
eta_forget,0.15,autocurriculum,ttm,600.0,0.0,10
eta_forget,0.15,bayesianmab,avg_fatigue,0.5236865477577256,0.0595940856968182,10
eta_forget,0.15,bayesianmab,feasible_rate,0.8960959116129359,0.024749615143754938,10
eta_forget,0.15,bayesianmab,learn_slope,0.0021,0.0014,10
eta_forget,0.15,bayesianmab,ttm,69.2,42.772784701385895,10
eta_forget,0.15,ccb_df,avg_fatigue,0.5440479973180026,0.012637929904950418,10
eta_forget,0.15,ccb_df,feasible_rate,0.9144421049576599,0.01593612965350199,10
eta_forget,0.15,ccb_df,learn_slope,0.0007,0.0004,10
eta_forget,0.15,ccb_df,ttm,99.4,25.255142490633908,10
eta_forget,0.15,dqn,avg_fatigue,0.5373535994288828,0.028057223018125795,10
eta_forget,0.15,dqn,feasible_rate,0.9146053556051402,0.03793417074853866,10
eta_forget,0.15,dqn,learn_slope,0.0007,0.0008,10
eta_forget,0.15,dqn,ttm,246.2,246.77916353605616,10
eta_forget,0.15,linucb,avg_fatigue,0.561939908951866,0.006361820331919815,10
eta_forget,0.15,linucb,feasible_rate,0.9742636910864494,0.011603464264301727,10
eta_forget,0.15,linucb,learn_slope,0.0001,0.0003,10
eta_forget,0.15,linucb,ttm,356.9,152.28587882298507,10
eta_forget,0.15,pianoMPC,avg_fatigue,0.5678948665967416,0.02116475373893704,10
eta_forget,0.15,pianoMPC,feasible_rate,0.8808714629930188,0.03855546861466909,10
eta_forget,0.15,pianoMPC,learn_slope,0.0034,0.0021,10
eta_forget,0.15,pianoMPC,ttm,45.9,11.87387421564204,10
eta_forget,0.15,safe_ac,avg_fatigue,0.5390126107783602,0.03590698256861255,10
eta_forget,0.15,safe_ac,feasible_rate,0.916597499597043,0.043871103312546636,10
eta_forget,0.15,safe_ac,learn_slope,0.0013,0.0008,10
eta_forget,0.15,safe_ac,ttm,78.1,27.67449688391422,10
eta_forget,0.15,thompson,avg_fatigue,0.5466808481765076,0.020748783184562334,10
eta_forget,0.15,thompson,feasible_rate,0.9107625385930739,0.03472670273587717,10
eta_forget,0.15,thompson,learn_slope,0.001,0.0009,10
eta_forget,0.15,thompson,ttm,110.2,69.99968253896269,10
eta_forget,0.3,autocurriculum,avg_fatigue,0.5278251325498562,0.007988665628621815,10
eta_forget,0.3,autocurriculum,feasible_rate,0.9350000000000002,0.011573703697777573,10
eta_forget,0.3,autocurriculum,learn_slope,0.0,0.0,10
eta_forget,0.3,autocurriculum,ttm,600.0,0.0,10
eta_forget,0.3,bayesianmab,avg_fatigue,0.5226495555082554,0.056566800538108294,10
eta_forget,0.3,bayesianmab,feasible_rate,0.895486909142211,0.029769959267092104,10
eta_forget,0.3,bayesianmab,learn_slope,0.0018,0.0012,10
eta_forget,0.3,bayesianmab,ttm,65.5,21.003967879109574,10
eta_forget,0.3,ccb_df,avg_fatigue,0.546125562612732,0.026375487968638197,10
eta_forget,0.3,ccb_df,feasible_rate,0.90094296895168,0.03612554114383822,10
eta_forget,0.3,ccb_df,learn_slope,0.0007,0.0004,10
eta_forget,0.3,ccb_df,ttm,111.6,38.0005847908219,10
eta_forget,0.3,dqn,avg_fatigue,0.538216855864487,0.02925925833809402,10
eta_forget,0.3,dqn,feasible_rate,0.9165372571950983,0.037176021314445876,10
eta_forget,0.3,dqn,learn_slope,0.0007,0.0007,10
eta_forget,0.3,dqn,ttm,229.9,224.89575362820884,10
eta_forget,0.3,linucb,avg_fatigue,0.5597038296688908,0.005594667837224615,10
eta_forget,0.3,linucb,feasible_rate,0.97133643800529,0.00694110778919149,10
eta_forget,0.3,linucb,learn_slope,0.0001,0.0001,10
eta_forget,0.3,linucb,ttm,331.5,130.36721639703407,10
eta_forget,0.3,pianoMPC,avg_fatigue,0.5715002492712582,0.018062725249049966,10
eta_forget,0.3,pianoMPC,feasible_rate,0.8765821442377622,0.03900058070952895,10
eta_forget,0.3,pianoMPC,learn_slope,0.0031,0.0017,10
eta_forget,0.3,pianoMPC,ttm,47.1,10.50343859039611,10
eta_forget,0.3,safe_ac,avg_fatigue,0.536962500228468,0.03566474751716045,10
eta_forget,0.3,safe_ac,feasible_rate,0.9177140789364009,0.03929677342976077,10
eta_forget,0.3,safe_ac,learn_slope,0.0012,0.0007,10
eta_forget,0.3,safe_ac,ttm,80.3,25.342322966400168,10
eta_forget,0.3,thompson,avg_fatigue,0.5507822294498637,0.027433981331990282,10
eta_forget,0.3,thompson,feasible_rate,0.907888375370384,0.045351189949758626,10
eta_forget,0.3,thompson,learn_slope,0.0007,0.0007,10
eta_forget,0.3,thompson,ttm,136.0,76.35589186318383,10
gamma_f,-0.5,autocurriculum,avg_fatigue,0.5278251325498562,0.007988665628621815,10
gamma_f,-0.5,autocurriculum,feasible_rate,0.9350000000000002,0.011573703697777573,10
gamma_f,-0.5,autocurriculum,learn_slope,0.0,0.0,10
gamma_f,-0.5,autocurriculum,ttm,600.0,0.0,10
gamma_f,-0.5,bayesianmab,avg_fatigue,0.512345436730952,0.08067905436220683,10
gamma_f,-0.5,bayesianmab,feasible_rate,0.9105922527552963,0.03479315173941111,10
gamma_f,-0.5,bayesianmab,learn_slope,0.002,0.0016,10
gamma_f,-0.5,bayesianmab,ttm,85.5,61.61213805375979,10
gamma_f,-0.5,ccb_df,avg_fatigue,0.5344666402970535,0.021473710514681978,10
gamma_f,-0.5,ccb_df,feasible_rate,0.9157540152562689,0.030187180865997903,10
gamma_f,-0.5,ccb_df,learn_slope,0.0009,0.0005,10
gamma_f,-0.5,ccb_df,ttm,103.1,53.23000407038622,10
gamma_f,-0.5,dqn,avg_fatigue,0.5208366165326257,0.039259856280754075,10
gamma_f,-0.5,dqn,feasible_rate,0.9263609690895913,0.04070160094346753,10
gamma_f,-0.5,dqn,learn_slope,0.0009,0.0008,10
gamma_f,-0.5,dqn,ttm,212.8,223.74678147902424,10
gamma_f,-0.5,linucb,avg_fatigue,0.5607929059214222,0.0050528166405446094,10
gamma_f,-0.5,linucb,feasible_rate,0.9765527414548325,0.006771894361025182,10
gamma_f,-0.5,linucb,learn_slope,0.0003,0.0006,10
gamma_f,-0.5,linucb,ttm,325.9,211.10263433273926,10
gamma_f,-0.5,pianoMPC,avg_fatigue,0.5602591386328901,0.02049156912424378,10
gamma_f,-0.5,pianoMPC,feasible_rate,0.8800319655455956,0.03821742209601145,10
gamma_f,-0.5,pianoMPC,learn_slope,0.0042,0.0024,10
gamma_f,-0.5,pianoMPC,ttm,42.2,13.189221188362698,10
gamma_f,-0.5,safe_ac,avg_fatigue,0.5368650115544643,0.03448799968357282,10
gamma_f,-0.5,safe_ac,feasible_rate,0.9176825684664228,0.042084793495525234,10
gamma_f,-0.5,safe_ac,learn_slope,0.0014,0.0009,10
gamma_f,-0.5,safe_ac,ttm,79.4,37.20573432505622,10
gamma_f,-0.5,thompson,avg_fatigue,0.5456651100793322,0.019403266454794607,10
gamma_f,-0.5,thompson,feasible_rate,0.9130649632020227,0.03014318695073963,10
gamma_f,-0.5,thompson,learn_slope,0.0011,0.0015,10
gamma_f,-0.5,thompson,ttm,108.6,53.91392316564536,10
gamma_f,-0.25,autocurriculum,avg_fatigue,0.5278251325498562,0.007988665628621815,10
gamma_f,-0.25,autocurriculum,feasible_rate,0.9350000000000002,0.011573703697777573,10
gamma_f,-0.25,autocurriculum,learn_slope,0.0,0.0,10
gamma_f,-0.25,autocurriculum,ttm,600.0,0.0,10
gamma_f,-0.25,bayesianmab,avg_fatigue,0.5102763602004483,0.07946978117967379,10
gamma_f,-0.25,bayesianmab,feasible_rate,0.9073049475313256,0.03618641319209259,10
gamma_f,-0.25,bayesianmab,learn_slope,0.0021,0.0016,10
gamma_f,-0.25,bayesianmab,ttm,71.9,39.28655410357764,10
gamma_f,-0.25,ccb_df,avg_fatigue,0.5386847755065591,0.02690928761178033,10
gamma_f,-0.25,ccb_df,feasible_rate,0.9135926339811895,0.0348244497533945,10
gamma_f,-0.25,ccb_df,learn_slope,0.0007,0.0004,10
gamma_f,-0.25,ccb_df,ttm,102.7,31.798148094224327,10
gamma_f,-0.25,dqn,avg_fatigue,0.5262272179973134,0.04280198598846348,10
gamma_f,-0.25,dqn,feasible_rate,0.9151776131633816,0.05319225794565457,10
gamma_f,-0.25,dqn,learn_slope,0.0009,0.0008,10
gamma_f,-0.25,dqn,ttm,214.6,224.66676557861322,10
gamma_f,-0.25,linucb,avg_fatigue,0.5610154556209839,0.005374335452663202,10
gamma_f,-0.25,linucb,feasible_rate,0.978618199852218,0.008427926372113061,10
gamma_f,-0.25,linucb,learn_slope,0.0004,0.0006,10
gamma_f,-0.25,linucb,ttm,269.3,202.29409284504575,10
gamma_f,-0.25,pianoMPC,avg_fatigue,0.5622163800122004,0.019554925426168594,10
gamma_f,-0.25,pianoMPC,feasible_rate,0.8801304877130833,0.03806817621671725,10
gamma_f,-0.25,pianoMPC,learn_slope,0.004,0.0022,10
gamma_f,-0.25,pianoMPC,ttm,42.8,12.6473536977328,10
gamma_f,-0.25,safe_ac,avg_fatigue,0.5390512883467924,0.03593369384738474,10
gamma_f,-0.25,safe_ac,feasible_rate,0.9154125250739952,0.04461575188343711,10
gamma_f,-0.25,safe_ac,learn_slope,0.0013,0.0008,10
gamma_f,-0.25,safe_ac,ttm,77.1,27.090178622109114,10
gamma_f,-0.25,thompson,avg_fatigue,0.5368672939885165,0.03917662608691186,10
gamma_f,-0.25,thompson,feasible_rate,0.9068609372356932,0.037079798247399945,10
gamma_f,-0.25,thompson,learn_slope,0.0014,0.0018,10
gamma_f,-0.25,thompson,ttm,135.1,114.5236026134157,10
gamma_f,0.0,autocurriculum,avg_fatigue,0.5278251325498562,0.007988665628621815,10
gamma_f,0.0,autocurriculum,feasible_rate,0.9350000000000002,0.011573703697777573,10
gamma_f,0.0,autocurriculum,learn_slope,0.0,0.0,10
gamma_f,0.0,autocurriculum,ttm,600.0,0.0,10
gamma_f,0.0,bayesianmab,avg_fatigue,0.5120590918907263,0.08157873295347458,10
gamma_f,0.0,bayesianmab,feasible_rate,0.9011597796664169,0.039483346495236125,10
gamma_f,0.0,bayesianmab,learn_slope,0.0022,0.0016,10
gamma_f,0.0,bayesianmab,ttm,69.3,37.33645820255466,10
gamma_f,0.0,ccb_df,avg_fatigue,0.5372858989550082,0.024087744659515156,10
gamma_f,0.0,ccb_df,feasible_rate,0.9157362381030275,0.031895891214634355,10
gamma_f,0.0,ccb_df,learn_slope,0.0008,0.0004,10
gamma_f,0.0,ccb_df,ttm,96.0,33.90181902690965,10
gamma_f,0.0,dqn,avg_fatigue,0.520372103408294,0.04227435332305036,10
gamma_f,0.0,dqn,feasible_rate,0.928408191017423,0.045559973013053846,10
gamma_f,0.0,dqn,learn_slope,0.001,0.0009,10
gamma_f,0.0,dqn,ttm,210.4,227.2332135347589,10
gamma_f,0.0,linucb,avg_fatigue,0.5599975126510727,0.007343385382857137,10
gamma_f,0.0,linucb,feasible_rate,0.9750408625462367,0.008686366087780116,10
gamma_f,0.0,linucb,learn_slope,0.0003,0.0005,10
gamma_f,0.0,linucb,ttm,309.8,188.01170176348066,10
gamma_f,0.0,pianoMPC,avg_fatigue,0.5622163800122004,0.019554925426168594,10
gamma_f,0.0,pianoMPC,feasible_rate,0.8801304877130833,0.03806817621671725,10
gamma_f,0.0,pianoMPC,learn_slope,0.004,0.0022,10
gamma_f,0.0,pianoMPC,ttm,42.8,12.6473536977328,10
gamma_f,0.0,safe_ac,avg_fatigue,0.5390126107783602,0.03590698256861255,10
gamma_f,0.0,safe_ac,feasible_rate,0.916597499597043,0.043871103312546636,10
gamma_f,0.0,safe_ac,learn_slope,0.0013,0.0008,10
gamma_f,0.0,safe_ac,ttm,78.1,27.67449688391422,10
gamma_f,0.0,thompson,avg_fatigue,0.5532974918722247,0.01646032348937001,10
gamma_f,0.0,thompson,feasible_rate,0.9090989697980758,0.021681445549864366,10
gamma_f,0.0,thompson,learn_slope,0.0005,0.0004,10
gamma_f,0.0,thompson,ttm,159.9,92.79301937346605,10
gamma_f,0.25,autocurriculum,avg_fatigue,0.5278251325498562,0.007988665628621815,10
gamma_f,0.25,autocurriculum,feasible_rate,0.9350000000000002,0.011573703697777573,10
gamma_f,0.25,autocurriculum,learn_slope,0.0,0.0,10
gamma_f,0.25,autocurriculum,ttm,600.0,0.0,10
gamma_f,0.25,bayesianmab,avg_fatigue,0.5213971574128973,0.08016902904481775,10
gamma_f,0.25,bayesianmab,feasible_rate,0.8947244959558105,0.036805221930964,10
gamma_f,0.25,bayesianmab,learn_slope,0.0024,0.0017,10
gamma_f,0.25,bayesianmab,ttm,65.6,34.261089040224945,10
gamma_f,0.25,ccb_df,avg_fatigue,0.5471275976263101,0.019536126463569576,10
gamma_f,0.25,ccb_df,feasible_rate,0.9024122580951282,0.02850700397954455,10
gamma_f,0.25,ccb_df,learn_slope,0.0009,0.0004,10
gamma_f,0.25,ccb_df,ttm,88.0,21.612753436596435,10
gamma_f,0.25,dqn,avg_fatigue,0.520800024856253,0.04245122635790223,10
gamma_f,0.25,dqn,feasible_rate,0.9227557273308047,0.03694509464274986,10
gamma_f,0.25,dqn,learn_slope,0.0012,0.0012,10
gamma_f,0.25,dqn,ttm,229.4,257.3010342424263,10
gamma_f,0.25,linucb,avg_fatigue,0.5597798590549339,0.0056217596367596195,10
gamma_f,0.25,linucb,feasible_rate,0.9789812937018219,0.011375393944892086,10
gamma_f,0.25,linucb,learn_slope,0.0002,0.0003,10
gamma_f,0.25,linucb,ttm,300.6,160.7801811998813,10
gamma_f,0.25,pianoMPC,avg_fatigue,0.5626995995243955,0.01994761727148378,10
gamma_f,0.25,pianoMPC,feasible_rate,0.8827646340545469,0.03692716543752923,10
gamma_f,0.25,pianoMPC,learn_slope,0.0039,0.0023,10
gamma_f,0.25,pianoMPC,ttm,43.7,12.824022596500505,10
gamma_f,0.25,safe_ac,avg_fatigue,0.5390126107783602,0.03590698256861255,10
gamma_f,0.25,safe_ac,feasible_rate,0.916597499597043,0.043871103312546636,10
gamma_f,0.25,safe_ac,learn_slope,0.0013,0.0008,10
gamma_f,0.25,safe_ac,ttm,78.1,27.67449688391422,10
gamma_f,0.25,thompson,avg_fatigue,0.547640142795038,0.019683762692944026,10
gamma_f,0.25,thompson,feasible_rate,0.9004909387079876,0.034888762948000585,10
gamma_f,0.25,thompson,learn_slope,0.0011,0.001,10
gamma_f,0.25,thompson,ttm,100.1,50.53590582722128,10
gamma_f,0.5,autocurriculum,avg_fatigue,0.5278251325498562,0.007988665628621815,10
gamma_f,0.5,autocurriculum,feasible_rate,0.9350000000000002,0.011573703697777573,10
gamma_f,0.5,autocurriculum,learn_slope,0.0,0.0,10
gamma_f,0.5,autocurriculum,ttm,600.0,0.0,10
gamma_f,0.5,bayesianmab,avg_fatigue,0.5179793982589833,0.07780529892493947,10
gamma_f,0.5,bayesianmab,feasible_rate,0.8977604930264504,0.0313038472112681,10
gamma_f,0.5,bayesianmab,learn_slope,0.0024,0.0017,10
gamma_f,0.5,bayesianmab,ttm,65.3,34.03935630674849,10
gamma_f,0.5,ccb_df,avg_fatigue,0.5451531203269491,0.018820145293611482,10
gamma_f,0.5,ccb_df,feasible_rate,0.9118444555827923,0.02989896830299778,10
gamma_f,0.5,ccb_df,learn_slope,0.0007,0.0005,10
gamma_f,0.5,ccb_df,ttm,108.4,37.76300364701469,10
gamma_f,0.5,dqn,avg_fatigue,0.520800024856253,0.04245122635790223,10
gamma_f,0.5,dqn,feasible_rate,0.9227557273308047,0.03694509464274986,10
gamma_f,0.5,dqn,learn_slope,0.0012,0.0012,10
gamma_f,0.5,dqn,ttm,229.4,257.3010342424263,10
gamma_f,0.5,linucb,avg_fatigue,0.5607850190219135,0.005110883014149202,10
gamma_f,0.5,linucb,feasible_rate,0.9734792933615525,0.014489626436603854,10
gamma_f,0.5,linucb,learn_slope,0.0002,0.0003,10
gamma_f,0.5,linucb,ttm,355.5,169.38139081834095,10
gamma_f,0.5,pianoMPC,avg_fatigue,0.5678948665967416,0.02116475373893704,10
gamma_f,0.5,pianoMPC,feasible_rate,0.8808714629930188,0.03855546861466909,10
gamma_f,0.5,pianoMPC,learn_slope,0.0034,0.0021,10
gamma_f,0.5,pianoMPC,ttm,45.9,11.87387421564204,10
gamma_f,0.5,safe_ac,avg_fatigue,0.5390126107783602,0.03590698256861255,10
gamma_f,0.5,safe_ac,feasible_rate,0.916597499597043,0.043871103312546636,10
gamma_f,0.5,safe_ac,learn_slope,0.0013,0.0008,10
gamma_f,0.5,safe_ac,ttm,78.1,27.67449688391422,10
gamma_f,0.5,thompson,avg_fatigue,0.5440059261255399,0.02148264044760278,10
gamma_f,0.5,thompson,feasible_rate,0.9177810417256426,0.02482395981251441,10
gamma_f,0.5,thompson,learn_slope,0.0009,0.0007,10
gamma_f,0.5,thompson,ttm,117.1,68.11827948502517,10
kappa,-0.5,autocurriculum,avg_fatigue,0.5278251325498562,0.007988665628621815,10
kappa,-0.5,autocurriculum,feasible_rate,0.9350000000000002,0.011573703697777573,10
kappa,-0.5,autocurriculum,learn_slope,0.0,0.0,10
kappa,-0.5,autocurriculum,ttm,600.0,0.0,10
kappa,-0.5,bayesianmab,avg_fatigue,0.5195799842346164,0.0791992704611609,10
kappa,-0.5,bayesianmab,feasible_rate,0.8967522038760978,0.0362806625883523,10
kappa,-0.5,bayesianmab,learn_slope,0.0024,0.0017,10
kappa,-0.5,bayesianmab,ttm,64.2,33.95683534528308,10
kappa,-0.5,ccb_df,avg_fatigue,0.5422749825018849,0.017377620143045305,10
kappa,-0.5,ccb_df,feasible_rate,0.9131879482710517,0.029219488884140974,10
kappa,-0.5,ccb_df,learn_slope,0.001,0.0005,10
kappa,-0.5,ccb_df,ttm,83.0,22.479620400116488,10
kappa,-0.5,dqn,avg_fatigue,0.520800024856253,0.04245122635790223,10
kappa,-0.5,dqn,feasible_rate,0.9227557273308047,0.03694509464274986,10
kappa,-0.5,dqn,learn_slope,0.0012,0.0012,10
kappa,-0.5,dqn,ttm,229.4,257.3010342424263,10
kappa,-0.5,linucb,avg_fatigue,0.5601141700131259,0.006521617366656026,10
kappa,-0.5,linucb,feasible_rate,0.9756144851713001,0.004195849498113002,10
kappa,-0.5,linucb,learn_slope,0.0001,0.0002,10
kappa,-0.5,linucb,ttm,404.6,173.41549334858558,10
kappa,-0.5,pianoMPC,avg_fatigue,0.5678948665967416,0.02116475373893704,10
kappa,-0.5,pianoMPC,feasible_rate,0.8808714629930188,0.03855546861466909,10
kappa,-0.5,pianoMPC,learn_slope,0.0034,0.0021,10
kappa,-0.5,pianoMPC,ttm,45.9,11.87387421564204,10
kappa,-0.5,safe_ac,avg_fatigue,0.5337028975498679,0.037257536744906575,10
kappa,-0.5,safe_ac,feasible_rate,0.9186326522334907,0.045327816688519096,10
kappa,-0.5,safe_ac,learn_slope,0.0013,0.0009,10
kappa,-0.5,safe_ac,ttm,78.0,27.80087928265739,10
kappa,-0.5,thompson,avg_fatigue,0.554359858327499,0.015820204038608978,10
kappa,-0.5,thompson,feasible_rate,0.899742289853957,0.03760317098293259,10
kappa,-0.5,thompson,learn_slope,0.0006,0.0011,10
kappa,-0.5,thompson,ttm,167.8,79.849580810143,10
kappa,-0.25,autocurriculum,avg_fatigue,0.5278251325498562,0.007988665628621815,10
kappa,-0.25,autocurriculum,feasible_rate,0.9350000000000002,0.011573703697777573,10
kappa,-0.25,autocurriculum,learn_slope,0.0,0.0,10
kappa,-0.25,autocurriculum,ttm,600.0,0.0,10
kappa,-0.25,bayesianmab,avg_fatigue,0.5195059915606237,0.07916521318335629,10
kappa,-0.25,bayesianmab,feasible_rate,0.8979243650482589,0.03607318253225799,10
kappa,-0.25,bayesianmab,learn_slope,0.002,0.0016,10
kappa,-0.25,bayesianmab,ttm,72.4,35.963561806052766,10
kappa,-0.25,ccb_df,avg_fatigue,0.544895206801678,0.017420890592616544,10
kappa,-0.25,ccb_df,feasible_rate,0.9099292145193221,0.02736054824929434,10
kappa,-0.25,ccb_df,learn_slope,0.0007,0.0003,10
kappa,-0.25,ccb_df,ttm,100.9,26.180781755580437,10
kappa,-0.25,dqn,avg_fatigue,0.5199281892668799,0.04253157821540817,10
kappa,-0.25,dqn,feasible_rate,0.9230474406566728,0.03994137447131654,10
kappa,-0.25,dqn,learn_slope,0.0012,0.0012,10
kappa,-0.25,dqn,ttm,207.0,229.7254399882124,10
kappa,-0.25,linucb,avg_fatigue,0.5616080454586384,0.005097558990921806,10
kappa,-0.25,linucb,feasible_rate,0.9740690621945174,0.008043575873337707,10
kappa,-0.25,linucb,learn_slope,0.0002,0.0005,10
kappa,-0.25,linucb,ttm,338.4,174.4866757090638,10
kappa,-0.25,pianoMPC,avg_fatigue,0.5626995995243955,0.01994761727148378,10
kappa,-0.25,pianoMPC,feasible_rate,0.8827646340545469,0.03692716543752923,10
kappa,-0.25,pianoMPC,learn_slope,0.0039,0.0023,10
kappa,-0.25,pianoMPC,ttm,43.7,12.824022596500505,10
kappa,-0.25,safe_ac,avg_fatigue,0.5390126107783602,0.03590698256861255,10
kappa,-0.25,safe_ac,feasible_rate,0.916597499597043,0.043871103312546636,10
kappa,-0.25,safe_ac,learn_slope,0.0013,0.0008,10
kappa,-0.25,safe_ac,ttm,78.1,27.67449688391422,10
kappa,-0.25,thompson,avg_fatigue,0.5564586883641077,0.013371018254544736,10
kappa,-0.25,thompson,feasible_rate,0.8899720420356175,0.026130831384126814,10
kappa,-0.25,thompson,learn_slope,0.0009,0.0007,10
kappa,-0.25,thompson,ttm,137.3,103.04265567661234,10
kappa,0.0,autocurriculum,avg_fatigue,0.5278251325498562,0.007988665628621815,10
kappa,0.0,autocurriculum,feasible_rate,0.9350000000000002,0.011573703697777573,10
kappa,0.0,autocurriculum,learn_slope,0.0,0.0,10
kappa,0.0,autocurriculum,ttm,600.0,0.0,10
kappa,0.0,bayesianmab,avg_fatigue,0.5120590918907263,0.08157873295347458,10
kappa,0.0,bayesianmab,feasible_rate,0.9011597796664169,0.039483346495236125,10
kappa,0.0,bayesianmab,learn_slope,0.0022,0.0016,10
kappa,0.0,bayesianmab,ttm,69.3,37.33645820255466,10
kappa,0.0,ccb_df,avg_fatigue,0.5372858989550082,0.024087744659515156,10
kappa,0.0,ccb_df,feasible_rate,0.9157362381030275,0.031895891214634355,10
kappa,0.0,ccb_df,learn_slope,0.0008,0.0004,10
kappa,0.0,ccb_df,ttm,96.0,33.90181902690965,10
kappa,0.0,dqn,avg_fatigue,0.520372103408294,0.04227435332305036,10
kappa,0.0,dqn,feasible_rate,0.928408191017423,0.045559973013053846,10
kappa,0.0,dqn,learn_slope,0.001,0.0009,10
kappa,0.0,dqn,ttm,210.4,227.2332135347589,10
kappa,0.0,linucb,avg_fatigue,0.5599975126510727,0.007343385382857137,10
kappa,0.0,linucb,feasible_rate,0.9750408625462367,0.008686366087780116,10
kappa,0.0,linucb,learn_slope,0.0003,0.0005,10
kappa,0.0,linucb,ttm,309.8,188.01170176348066,10
kappa,0.0,pianoMPC,avg_fatigue,0.5622163800122004,0.019554925426168594,10
kappa,0.0,pianoMPC,feasible_rate,0.8801304877130833,0.03806817621671725,10
kappa,0.0,pianoMPC,learn_slope,0.004,0.0022,10
kappa,0.0,pianoMPC,ttm,42.8,12.6473536977328,10
kappa,0.0,safe_ac,avg_fatigue,0.5390126107783602,0.03590698256861255,10
kappa,0.0,safe_ac,feasible_rate,0.916597499597043,0.043871103312546636,10
kappa,0.0,safe_ac,learn_slope,0.0013,0.0008,10
kappa,0.0,safe_ac,ttm,78.1,27.67449688391422,10
kappa,0.0,thompson,avg_fatigue,0.5532974918722247,0.01646032348937001,10
kappa,0.0,thompson,feasible_rate,0.9090989697980758,0.021681445549864366,10
kappa,0.0,thompson,learn_slope,0.0005,0.0004,10
kappa,0.0,thompson,ttm,159.9,92.79301937346605,10
kappa,0.25,autocurriculum,avg_fatigue,0.5278251325498562,0.007988665628621815,10
kappa,0.25,autocurriculum,feasible_rate,0.9350000000000002,0.011573703697777573,10
kappa,0.25,autocurriculum,learn_slope,0.0,0.0,10
kappa,0.25,autocurriculum,ttm,600.0,0.0,10
kappa,0.25,bayesianmab,avg_fatigue,0.50279805486889,0.07460613318004819,10
kappa,0.25,bayesianmab,feasible_rate,0.9116066331225905,0.028103974687751082,10
kappa,0.25,bayesianmab,learn_slope,0.0022,0.0016,10
kappa,0.25,bayesianmab,ttm,66.3,34.42883158697728,10
kappa,0.25,ccb_df,avg_fatigue,0.547688519659025,0.02293592605172457,10
kappa,0.25,ccb_df,feasible_rate,0.903761180499431,0.041917868277337546,10
kappa,0.25,ccb_df,learn_slope,0.0009,0.0004,10
kappa,0.25,ccb_df,ttm,88.7,19.754324421081407,10
kappa,0.25,dqn,avg_fatigue,0.5177046694666569,0.04267312433734188,10
kappa,0.25,dqn,feasible_rate,0.928459473068705,0.045365902294388506,10
kappa,0.25,dqn,learn_slope,0.0011,0.0009,10
kappa,0.25,dqn,ttm,207.6,229.18270246925508,10
kappa,0.25,linucb,avg_fatigue,0.5605469334869787,0.006950026587942174,10
kappa,0.25,linucb,feasible_rate,0.9773422462362638,0.007619070427466127,10
kappa,0.25,linucb,learn_slope,0.0001,0.0001,10
kappa,0.25,linucb,ttm,354.2,183.4889036911436,10
kappa,0.25,pianoMPC,avg_fatigue,0.5622163800122004,0.019554925426168594,10
kappa,0.25,pianoMPC,feasible_rate,0.8801304877130833,0.03806817621671725,10
kappa,0.25,pianoMPC,learn_slope,0.004,0.0022,10
kappa,0.25,pianoMPC,ttm,42.8,12.6473536977328,10
kappa,0.25,safe_ac,avg_fatigue,0.5390512883467924,0.03593369384738474,10
kappa,0.25,safe_ac,feasible_rate,0.9154125250739952,0.04461575188343711,10
kappa,0.25,safe_ac,learn_slope,0.0013,0.0008,10
kappa,0.25,safe_ac,ttm,77.1,27.090178622109114,10
kappa,0.25,thompson,avg_fatigue,0.551401160288447,0.018115669603043824,10
kappa,0.25,thompson,feasible_rate,0.9063953396559385,0.03409074056736621,10
kappa,0.25,thompson,learn_slope,0.001,0.0009,10
kappa,0.25,thompson,ttm,106.2,53.08441914117131,10
kappa,0.5,autocurriculum,avg_fatigue,0.5278251325498562,0.007988665628621815,10
kappa,0.5,autocurriculum,feasible_rate,0.9350000000000002,0.011573703697777573,10
kappa,0.5,autocurriculum,learn_slope,0.0,0.0,10
kappa,0.5,autocurriculum,ttm,600.0,0.0,10
kappa,0.5,bayesianmab,avg_fatigue,0.4913058368237772,0.07934283137094923,10
kappa,0.5,bayesianmab,feasible_rate,0.9153347032980292,0.02501094037697694,10
kappa,0.5,bayesianmab,learn_slope,0.002,0.0015,10
kappa,0.5,bayesianmab,ttm,69.4,33.774415037289856,10
kappa,0.5,ccb_df,avg_fatigue,0.545290394678847,0.019590606682318573,10
kappa,0.5,ccb_df,feasible_rate,0.9053619811021589,0.03495267504873707,10
kappa,0.5,ccb_df,learn_slope,0.0008,0.0005,10
kappa,0.5,ccb_df,ttm,105.3,49.55367460306719,10
kappa,0.5,dqn,avg_fatigue,0.5174635431925518,0.04255787006867885,10
kappa,0.5,dqn,feasible_rate,0.9286261397353718,0.04533442103510519,10
kappa,0.5,dqn,learn_slope,0.0011,0.0009,10
kappa,0.5,dqn,ttm,207.6,229.18270246925508,10
kappa,0.5,linucb,avg_fatigue,0.5628225377270667,0.009307342989990976,10
kappa,0.5,linucb,feasible_rate,0.9724063561553681,0.009088835284467963,10
kappa,0.5,linucb,learn_slope,0.0001,0.0002,10
kappa,0.5,linucb,ttm,393.1,173.88594601698614,10
kappa,0.5,pianoMPC,avg_fatigue,0.5622163800122004,0.019554925426168594,10
kappa,0.5,pianoMPC,feasible_rate,0.8801304877130833,0.03806817621671725,10
kappa,0.5,pianoMPC,learn_slope,0.004,0.0022,10
kappa,0.5,pianoMPC,ttm,42.8,12.6473536977328,10
kappa,0.5,safe_ac,avg_fatigue,0.5390512883467924,0.03593369384738474,10
kappa,0.5,safe_ac,feasible_rate,0.9154125250739952,0.04461575188343711,10
kappa,0.5,safe_ac,learn_slope,0.0013,0.0008,10
kappa,0.5,safe_ac,ttm,77.1,27.090178622109114,10
kappa,0.5,thompson,avg_fatigue,0.5529992067327552,0.018936828230895576,10
kappa,0.5,thompson,feasible_rate,0.9021614741541425,0.03194002801383409,10
kappa,0.5,thompson,learn_slope,0.001,0.0009,10
kappa,0.5,thompson,ttm,115.3,71.10563346958601,10
