scenario,agent,profile,num_runs,guard_enabled,guard_delta,safety_margin,action_changed_rate_mean,action_changed_rate_std,avg_async_mean,avg_async_std,avg_constraint_violation_mean,avg_constraint_violation_std,avg_dom_gap_mean,avg_dom_gap_std,avg_fatigue_mean,avg_fatigue_std,avg_fid_mean,avg_fid_std,avg_reward_raw_mean,avg_reward_raw_std,executed_step_cap_violation_rate_mean,executed_step_cap_violation_rate_std,fatigue_overload_rate_mean,fatigue_overload_rate_std,feasible_rate_mean,feasible_rate_std,guard_replacement_rate_mean,guard_replacement_rate_std,independence_gain_mean,independence_gain_std,mastered_mean,mastered_std,mastery_rate,proposed_relaxed_violation_rate_mean,proposed_relaxed_violation_rate_std,proposed_step_cap_violation_rate_mean,proposed_step_cap_violation_rate_std,regret_mean,regret_std,relaxed_execution_rate_mean,relaxed_execution_rate_std,rest_fallback_rate_mean,rest_fallback_rate_std,retention_delta_mean,retention_delta_std,sample_efficiency_mean,sample_efficiency_std,skill_improvement_mean,skill_improvement_std,steps_mean,steps_std,time_to_mastery_mean,time_to_mastery_std,total_reward_mean,total_reward_raw_mean,total_reward_raw_std,total_reward_std
shared_guard,LinUCB,balanced,10,True,0.08,0.05,0.0,0.0,29.479007626198914,4.919528605300332,0.0007206513049100865,0.0007487115433062402,7.702973336898249,0.8995451586326169,0.5601023354790267,0.014274479091074582,0.5262652036176021,0.03407044830408163,-1.2755955406198365,0.106817887113779,0.0,0.0,0.0281721988919867,0.028792297388215017,0.9718278011080133,0.028792297388215014,0.0,0.0,28.704442829588622,4.779149824916656,1.0,0.0,1.0,0.0,0.0,0.0,0.0,-41.98501157558244,15.235745915800452,0.0,0.0,0.0,0.0,0.6351217489131628,0.09541887044867028,46.1,10.690650120549265,0.6865190860820823,0.05709545582978232,46.1,10.690650120549265,46.1,10.690650120549265,41.98501157558244,-57.8637117493344,9.76949848841914,15.235745915800452
shared_guard,LinUCB,mild_left_weak,10,True,0.08,0.05,0.0,0.0,29.5980692074542,3.821511308688328,0.0005516396163570347,0.0005495620040659292,8.631465397571755,1.2877370832064945,0.5086088789067748,0.008529253620203188,0.5158208509311726,0.02791836320349741,-1.3206538492126751,0.07972977450031976,0.0,0.0,0.02993051952267347,0.020940732703138454,0.9700694804773267,0.020940732703138447,0.0,0.0,28.349306692286184,2.9297670421434336,1.0,0.0,1.0,0.0,0.0,0.0,0.0,-49.274459419019145,7.919832906419305,0.0,0.0,0.0,0.0,0.7154982053786513,0.08000533091771596,49.8,8.942035562443264,0.7362768951639003,0.0482403405762846,49.8,8.942035562443264,49.8,8.942035562443264,49.274459419019145,-65.1821886367392,8.68580257241788,7.919832906419305
shared_guard,LinUCB,severe_left_weak,10,True,0.08,0.05,0.0,0.0,30.53669010781643,4.863579927717491,0.0005879016734899067,0.0005894249400468973,9.108700389112132,1.1397158213651541,0.4616944438567968,0.010287176570526335,0.5038745996452334,0.04133212667088179,-1.3630446539839316,0.12810324805647066,0.0,0.0,0.03351450836744954,0.020454064712736184,0.9664854916325505,0.02045406471273619,0.0,0.0,28.043426073835708,3.213325788863063,1.0,0.0,1.0,0.0,0.0,0.0,0.0,-43.16022312770857,14.842525699532874,0.0,0.0,0.0,0.0,0.7305913198573883,0.10265678414832745,48.9,14.01035331460274,0.7273114668834862,0.06172515940770132,48.9,14.01035331460274,48.9,14.01035331460274,43.16022312770857,-64.90326440358558,11.274512588519123,14.842525699532874
shared_guard,Thompson,balanced,10,True,0.08,0.05,0.2222144686299247,0.027225427646119814,28.81060490247731,4.324483967381547,0.004894442457498198,0.0030897587154093535,7.653483520745264,1.1357973901032015,0.5344282063006578,0.03700013813183447,0.5352158396830609,0.029157465879635764,-1.2475552717971283,0.10903063248452231,0.15449534141609128,0.05201611221770538,0.09655769705479424,0.04571972717729658,0.9034423029452057,0.04571972717729658,0.2222144686299247,0.027225427646119814,28.203015523160637,4.883690000578138,1.0,0.0,1.0,0.12340751134303954,0.03553294635637892,0.376709810046016,0.05951393211293893,-33.51367705025705,7.619156195456605,0.15449534141609128,0.05201611221770538,0.2222144686299247,0.027225427646119814,0.5866782250602383,0.11613592172539847,39.9,10.93114815561476,0.662055395382324,0.07675378409694919,39.9,10.93114815561476,39.9,10.93114815561476,33.51367705025705,-48.78090014049181,9.836872935916228,7.619156195456605
shared_guard,Thompson,mild_left_weak,10,True,0.08,0.05,0.24491538112306924,0.01634979543826546,26.394500535795373,4.103225913626147,0.0038167351239131613,0.0017144595579187078,8.516994870458836,0.7715109257193636,0.48884797096517973,0.03133955419863291,0.5570163772735605,0.02582525908217602,-1.2127919352635927,0.08897572372802243,0.13652875301313933,0.04336994774038016,0.09424559855740584,0.030800886304135973,0.9057544014425943,0.03080088630413599,0.24491538112306924,0.01634979543826546,29.081826818459,3.5782007939544895,1.0,0.0,1.0,0.12189269224209372,0.034027515829310934,0.3814441341362086,0.04756564845220756,-43.14554888309715,7.905669385457668,0.13652875301313933,0.04336994774038016,0.24491538112306924,0.01634979543826546,0.7199672487890943,0.07321199492373455,48.7,9.327915093953203,0.7451962685156696,0.04829919538428985,48.7,9.327915093953203,48.7,9.327915093953203,43.14554888309715,-58.377045270607105,7.532271939305662,7.905669385457668
shared_guard,Thompson,severe_left_weak,10,True,0.08,0.05,0.24274452551340492,0.017137557394338324,30.33353782113886,4.5919508725908,0.0031340829962039616,0.0016792395196140828,8.720037130263375,1.037002535326421,0.44277913682848674,0.03415226039846275,0.512893614296242,0.02405050529268454,-1.3314083727309522,0.08823342954189141,0.11358762590178909,0.043598967423116426,0.0743895368712006,0.04014852198059173,0.9256104631287995,0.040148521980591746,0.24274452551340492,0.017137557394338324,26.689373525890296,3.4189698157686808,1.0,0.0,1.0,0.11192997387747979,0.038614978876492026,0.356332151415194,0.05010584142210287,-36.75003162105513,9.998285168284227,0.11358762590178909,0.043598967423116426,0.24274452551340492,0.017137557394338324,0.6914256805971981,0.11690252357913315,41.9,9.994498486667553,0.7254477280982166,0.07260104166047973,41.9,9.994498486667553,41.9,9.994498486667553,36.75003162105513,-55.17364353341369,10.716527264695822,9.998285168284227
shared_guard,PianoMPC,balanced,10,True,0.08,0.05,0.0,0.0,39.817053602987734,2.0792717127034512,0.0011510332668421116,0.0012212653329102853,7.72393637729896,1.2224654613852175,0.5026651874441039,0.02478493690303597,0.6182569745081131,0.018541531461702333,-1.2395825548404829,0.04598896495130378,0.13181461813974601,0.08501492413288694,0.05724960987908558,0.032554010611155315,0.9427503901209144,0.03255401061115533,0.0,0.0,19.994328972256874,2.932789878962519,1.0,0.0,1.0,0.0,0.0,0.13181461813974601,0.08501492413288694,-20.288298703474492,7.511547663642223,0.13181461813974601,0.08501492413288694,0.0,0.0,0.38088634483800765,0.051592614280155796,24.3,4.026164427839479,0.4798235759149424,0.03378991804126844,24.3,4.026164427839479,24.3,4.026164427839479,20.288298703474492,-30.103278604295742,5.057180674621364,7.511547663642223
shared_guard,PianoMPC,mild_left_weak,10,True,0.08,0.05,0.0,0.0,40.73854871292981,2.6126185127949215,0.001585049245412161,0.001453477703236518,8.031092408020106,1.0267031839226384,0.49207931097169216,0.014737615495056646,0.6021876048503109,0.023808667151960776,-1.2866224168741391,0.05459962940466961,0.13703918772321155,0.0650490973147784,0.06125306336378848,0.02273355706671419,0.9387469366362116,0.022733557066714163,0.0,0.0,19.1436617790907,2.900692744542856,1.0,0.0,1.0,0.0,0.0,0.13703918772321155,0.0650490973147784,-20.301815640011824,6.406987566006839,0.13703918772321155,0.0650490973147784,0.0,0.0,0.4158161368242525,0.07066542979858466,25.3,6.165225056719341,0.4923018779060099,0.030269031476936843,25.3,6.165225056719341,25.3,6.165225056719341,20.301815640011824,-32.320032469517926,6.611311075148357,6.406987566006839
shared_guard,PianoMPC,severe_left_weak,10,True,0.08,0.05,0.0,0.0,40.50542036011742,2.4157373721486795,0.003872443223443251,0.0020598407462645873,8.167199281464095,1.1272770569074186,0.48462900366300393,0.008385162325552116,0.5845436794585352,0.023560288755368603,-1.3200182170940062,0.05012744535553504,0.20018498168498167,0.0696393871571811,0.11714835164835165,0.028298639110141896,0.8828516483516484,0.028298639110141903,0.0,0.0,22.82588946183996,2.7552307310314506,1.0,0.0,1.0,0.0,0.0,0.20018498168498167,0.0696393871571811,-27.859692670376326,6.955274671160018,0.20018498168498167,0.0696393871571811,0.0,0.0,0.4968944115814621,0.05261741496094282,27.4,3.9293765408777004,0.5483909792315897,0.02414473620787981,27.4,3.9293765408777004,27.4,3.9293765408777004,27.859692670376326,-36.03956957563408,4.207023111012986,6.955274671160018
shared_guard,DQN,balanced,10,True,0.08,0.05,0.1895607144418689,0.04128356356920666,26.991949354352634,5.491175298454343,0.003243996165660002,0.0023802382783977677,7.734908548026158,1.2595498298954544,0.5215043838611367,0.03612891343273581,0.5571444162116739,0.02843071828862215,-1.189133459550133,0.09459127209647458,0.1157257888921726,0.05413062475875375,0.08045090598571074,0.0504204278935994,0.9195490940142893,0.0504204278935994,0.1895607144418689,0.04128356356920666,29.52642288298104,3.197901978625302,1.0,0.0,1.0,0.09876897870955596,0.05134878860015677,0.30528650333404156,0.07254183450129169,-40.53730968417568,15.718433997757506,0.1157257888921726,0.05413062475875375,0.1895607144418689,0.04128356356920666,0.5663093542745333,0.13698896274750755,42.6,24.24953607803663,0.661466469562223,0.07827734505909563,42.6,24.24953607803663,42.6,24.24953607803663,40.53730968417568,-48.96906786962728,23.021783566537568,15.718433997757506
shared_guard,DQN,mild_left_weak,10,True,0.08,0.05,0.20804175457691917,0.042771409360720325,31.417307117590063,3.8902583469070873,0.004301110943923706,0.0030844956336603295,8.399844774245441,1.5530277114856406,0.4639573168336189,0.05367158484234918,0.531028796155188,0.017244562456737448,-1.303997996895229,0.08026492733351265,0.11852930761609803,0.06930666289529777,0.08837793708858335,0.058455018851397665,0.9116220629114166,0.058455018851397665,0.20804175457691917,0.042771409360720325,26.88062324237102,3.493880574679254,1.0,0.0,1.0,0.09541425523903194,0.055946078204707206,0.32657106219301724,0.08947923673276421,-34.48307085169556,13.09108425454468,0.11852930761609803,0.06930666289529777,0.20804175457691917,0.042771409360720325,0.5957273848914634,0.10817754456438712,37.0,10.59245014149229,0.6627309146087711,0.07539202423897799,37.0,10.59245014149229,37.0,10.59245014149229,34.48307085169556,-47.80065527971413,11.838097413462714,13.09108425454468
shared_guard,DQN,severe_left_weak,10,True,0.08,0.05,0.2183223325996954,0.06659944883532837,28.906217230846504,4.709923281331809,0.003547251827911183,0.003063382182617385,9.345174604095488,1.2207772700796988,0.4066452174611145,0.06859698019754303,0.5171750056573179,0.032699748537744724,-1.3271330548879727,0.08873980193674161,0.11597243377463759,0.07104651448980481,0.05890932892379771,0.05058088864625098,0.9410906710762024,0.050580888646251,0.2183223325996954,0.06659944883532837,29.109727473878117,3.791473620648207,1.0,0.0,1.0,0.08977201506080026,0.03985629635867447,0.334294766374333,0.10318148533434583,-42.592519935145404,10.66269833992615,0.11597243377463759,0.07104651448980481,0.2183223325996954,0.06659944883532837,0.7290028581352908,0.09407289141053264,47.7,10.780074211247342,0.7408234175763723,0.07041745224360807,47.7,10.780074211247342,47.7,10.780074211247342,42.592519935145404,-62.72848637978136,12.03511622985912,10.66269833992615
shared_guard,BayesianMAB,balanced,10,True,0.08,0.05,0.1434173730873281,0.06832407037557124,30.40218045231278,6.2678598365290235,0.0031650986307919793,0.002830317783032271,7.415467188004017,1.1242167887941206,0.4746183049024286,0.07611463730249819,0.5613506627065791,0.046691088999072365,-1.2081137776521622,0.13199054495943,0.10979730878810226,0.06622444457869711,0.07555576956570118,0.05849464964763995,0.9244442304342988,0.05849464964763996,0.1434173730873281,0.06832407037557124,27.659665397909897,4.254842501124866,1.0,0.0,1.0,0.07180192314249176,0.039602367897420526,0.25321468187543034,0.10645672064020283,-23.62707589803822,10.610592806614305,0.10979730878810226,0.06622444457869711,0.1434173730873281,0.06832407037557124,0.4849713745163132,0.12352896330718448,29.4,7.459222479588607,0.6024444670898477,0.08234029089627375,29.4,7.459222479588607,29.4,7.459222479588607,23.62707589803822,-34.80658222542833,6.768790982330633,10.610592806614305
shared_guard,BayesianMAB,mild_left_weak,10,True,0.08,0.05,0.15997918868467292,0.04579608030727716,33.30071993397529,4.556984284245449,0.0026421103962513673,0.0025861889299242428,9.112519555237732,1.6835316074120859,0.435520997741529,0.046185351661989935,0.5263591309251512,0.04119047253950535,-1.3503037358313623,0.09432647504250198,0.1046852120685674,0.060137400293248586,0.0660496849547794,0.04442357297241798,0.9339503150452206,0.04442357297241798,0.15997918868467292,0.04579608030727716,28.351599587523605,2.9587989641036163,1.0,0.0,1.0,0.09007882491223011,0.034330766006171264,0.2646644007532404,0.08475885018882319,-27.355000618987653,10.370569857598602,0.1046852120685674,0.060137400293248586,0.15997918868467292,0.04579608030727716,0.5390284962684482,0.09893694734690073,31.9,7.634788798650557,0.6343380537712455,0.05254735663552659,31.9,7.634788798650557,31.9,7.634788798650557,27.355000618987653,-42.70290867995174,8.785181792906409,10.370569857598602
shared_guard,BayesianMAB,severe_left_weak,10,True,0.08,0.05,0.13343675871957245,0.07039017721117075,31.750900474462064,4.563245902683659,0.0026945381734243463,0.0021422230748363675,8.934187989413315,0.8720318225305416,0.3907835461350596,0.10904796002970352,0.5169957321618197,0.040616190165734235,-1.3392471137413013,0.09566085608597726,0.13124318373277982,0.08382652553829258,0.07000838484926611,0.05464715656736724,0.9299916151507338,0.054647156567367246,0.13343675871957245,0.07039017721117075,26.694226784055964,3.8330118705819114,1.0,0.0,1.0,0.09324823424578627,0.06980348264917441,0.26467994245235227,0.13043184933405458,-28.985422646394618,13.331530885001044,0.13124318373277982,0.08382652553829258,0.13343675871957245,0.07039017721117075,0.564436290897258,0.10349553115752616,32.0,6.782329983125268,0.6418185676968854,0.07808479509339274,32.0,6.782329983125268,32.0,6.782329983125268,28.985422646394618,-42.457786747626926,7.528541917271735,13.331530885001044
shared_guard,CCB-DF,balanced,10,True,0.08,0.05,0.2829415336359017,0.006276914087775548,29.595816909350255,3.8553781944358567,0.004056654612500979,0.0018025364239493472,8.013123773370573,0.9465990786269647,0.5350801721658514,0.020844075636071394,0.508311540949249,0.02328046341627663,-1.313616474907578,0.09425183308335007,0.10864792579442453,0.0306773349773333,0.08295077682616174,0.032057187924059344,0.9170492231738383,0.032057187924059344,0.2829415336359017,0.006276914087775548,30.47751260127388,2.793874070372488,1.0,0.0,1.0,0.1336339195363919,0.03064709557183403,0.39158945943032625,0.02663707041159168,-39.35802040447979,9.103392368576202,0.10864792579442453,0.0306773349773333,0.2829415336359017,0.006276914087775548,0.6122798894346271,0.08418248435497414,43.4,8.8,0.6782108307653021,0.05304349661027671,43.4,8.8,43.4,8.8,39.35802040447979,-56.396568699349814,8.713337749502834,9.103392368576202
shared_guard,CCB-DF,mild_left_weak,10,True,0.08,0.05,0.2895301835755412,0.006977288869564783,33.34220796488389,3.6390609461815395,0.0032323265136851055,0.002472856488269143,8.323047024458289,1.4086829166051884,0.4776727922899256,0.026698199507565613,0.4836839958958226,0.03202356534164521,-1.4067752833156724,0.0866658286520849,0.08331769682639016,0.051682595806388454,0.07529143223784,0.03903848122741341,0.92470856776216,0.039038481227413414,0.2895301835755412,0.006977288869564783,24.98141449852634,6.322817591479867,1.0,0.0,1.0,0.14007352859511277,0.03453443207593647,0.3728478804019314,0.0512295947928478,-32.14653759509138,12.879014062416571,0.08331769682639016,0.051682595806388454,0.2895301835755412,0.006977288869564783,0.6173403345712929,0.09147751243282266,41.5,7.6452599694189605,0.6620210639218016,0.07104420017499499,41.5,7.6452599694189605,41.5,7.6452599694189605,32.14653759509138,-57.84940204459939,8.089157143570539,12.879014062416571
shared_guard,CCB-DF,severe_left_weak,10,True,0.08,0.05,0.29969130215501705,0.005674874216608548,31.343327207264508,2.7411784632854688,0.00499662827729032,0.0027487122758436465,8.65917676184687,1.1953403267502216,0.46063186295645925,0.022055529686120554,0.4882868611766205,0.022628141761741466,-1.3882455161978995,0.09027825049078177,0.12976030371923383,0.041800696154444664,0.09823158872009712,0.03313383595817111,0.9017684112799028,0.03313383595817111,0.29969130215501705,0.005674874216608548,30.681408492641776,2.658504467220047,1.0,0.0,1.0,0.1794180818171695,0.020248117470780667,0.4259417536575022,0.03769620587434972,-44.36966489196268,7.724474328574542,0.1262504515024851,0.038075650165743505,0.29969130215501705,0.005674874216608548,0.7594073320501986,0.066522171066245,50.1,6.2681735776859275,0.7468844856561346,0.04584506251119529,50.1,6.2681735776859275,50.1,6.2681735776859275,44.36966489196268,-69.07480133305596,5.893444985950278,7.724474328574542
shared_guard,Safe-AC,balanced,10,True,0.08,0.05,0.18346088399718857,0.024429075897399163,27.02887435864553,4.682443441195297,0.0023636729148433055,0.002007023447760804,7.324841500452199,1.1872333810991031,0.48300631233314106,0.040734731670302,0.5501639453927203,0.035317396704738886,-1.1911993076534846,0.0988811788043025,0.0815419001256627,0.06629500541794939,0.052117591397620656,0.03491996593442829,0.9478824086023794,0.03491996593442828,0.18346088399718857,0.024429075897399163,28.99285639651783,3.907448769258707,1.0,0.0,1.0,0.06504092105904674,0.035986481380580575,0.26500278412285133,0.07982367789269147,-32.99124716767371,10.479132391112561,0.0815419001256627,0.06629500541794939,0.18346088399718857,0.024429075897399163,0.5876117368590741,0.11585811643608449,39.5,9.66695401871758,0.6706879234740537,0.09079825902506558,39.5,9.66695401871758,39.5,9.66695401871758,32.99124716767371,-46.51798479221182,9.961725637125703,10.479132391112561
shared_guard,Safe-AC,mild_left_weak,10,True,0.08,0.05,0.18386565001420357,0.040551593003068924,28.724965817533548,5.8024121667220045,0.003094273320015312,0.001644745527636485,8.851485662070147,0.9268921957307864,0.4807165345518096,0.03281535784316889,0.5447669243108154,0.04346808362614951,-1.264280748536742,0.12484409843944985,0.13270777676998274,0.04643260261711952,0.08053763499340792,0.03109958254000985,0.9194623650065921,0.031099582540009843,0.18386565001420357,0.040551593003068924,28.11346943430316,3.1549072386609205,1.0,0.0,1.0,0.10840886826854061,0.04311398993685118,0.31444576720971823,0.06764524645284944,-36.12668183288344,8.497990722669941,0.13058011719551466,0.04498808046993945,0.18386565001420357,0.040551593003068924,0.6505817109581883,0.1415121004801762,41.6,11.79152237838694,0.6948240379629532,0.0916237776799094,41.6,11.79152237838694,41.6,11.79152237838694,36.12668183288344,-51.55818672229192,11.819740952842842,8.497990722669941
shared_guard,Safe-AC,severe_left_weak,10,True,0.08,0.05,0.19754286831438095,0.03319164798898289,30.575200796914885,4.042589754367589,0.0026688788710367427,0.0023714303284156713,9.274120889708701,1.2605072768222196,0.4050491851880088,0.03107901129476272,0.5214595869700591,0.03106542523753152,-1.3364002754134778,0.09086654590871351,0.0744087870107461,0.05461471605534618,0.052244396221245756,0.030068799641037026,0.9477556037787542,0.030068799641037022,0.19754286831438095,0.03319164798898289,29.32734041331422,4.524784593456747,1.0,0.0,1.0,0.06649953420256402,0.045313546726676236,0.271951655325127,0.07171073286052698,-34.00552458846574,11.042295816436086,0.0744087870107461,0.05461471605534618,0.19754286831438095,0.03319164798898289,0.7012721767146833,0.10430979928834934,41.7,6.914477565225011,0.7407095916891644,0.07436242132695454,41.7,6.914477565225011,41.7,6.914477565225011,34.00552458846574,-55.25862919677879,7.037818620019396,11.042295816436086
shared_guard,AutoCurriculum,balanced,10,True,0.08,0.05,0.2596450151374312,0.026105410713116534,21.635610855971557,3.8668937727297545,0.0050509213755287816,0.0018497636886938699,7.587877106922487,0.9342639786191462,0.4854727419979204,0.026572570825538423,0.5677635036210655,0.019222737238527327,-1.1137153606575891,0.07444761285253405,0.09597304010604561,0.044477882709421275,0.09229186934751021,0.023191426445908995,0.9077081306524898,0.02319142644590902,0.2596450151374312,0.026105410713116534,30.811562508912395,2.1555101284064926,1.0,0.0,1.0,0.1331803398914888,0.04029137253642234,0.35096689245277907,0.051909711330308285,-26.76432137589748,10.769740832780643,0.09132187731534794,0.038781354021182754,0.2596450151374312,0.026105410713116534,0.6837166222939705,0.06569207782843055,52.5,13.82208377922808,0.711524809091576,0.031951364490239505,52.5,13.82208377922808,52.5,13.82208377922808,26.76432137589748,-57.607264816467705,11.62254466734342,10.769740832780643
shared_guard,AutoCurriculum,mild_left_weak,10,True,0.08,0.05,0.28340179334227933,0.023357457450409336,23.68181917076804,5.590585649576669,0.0045352360349112854,0.0019288492328159382,8.597481922130175,1.7215784170666173,0.4779638845408858,0.017327419580613578,0.5394164571612317,0.028589980524712687,-1.2116909213932001,0.0737693345490052,0.10617682818227292,0.020267145813385398,0.08496235855682828,0.02581682974522828,0.9150376414431717,0.02581682974522829,0.28340179334227933,0.023357457450409336,30.048882709990714,2.064182423901331,1.0,0.0,1.0,0.13569650830211102,0.03774038257798839,0.38957862152455225,0.03380555639133259,-45.08522651492636,11.028730607965445,0.10617682818227292,0.020267145813385398,0.28340179334227933,0.023357457450409336,0.7434636483963389,0.09534833580310491,56.0,16.864163187066236,0.7413561758698919,0.058041330484320426,56.0,16.864163187066236,56.0,16.864163187066236,45.08522651492636,-66.8206608849756,16.76348545249194,11.028730607965445
shared_guard,AutoCurriculum,severe_left_weak,10,True,0.08,0.05,0.28410406931366894,0.033797555140326174,23.134503227736527,4.261661494573545,0.0035404532400876024,0.0015107085259176514,8.065297549263867,0.9819587947863124,0.415859831933891,0.025582100863911002,0.5441150744988662,0.029285637484311004,-1.186604915079952,0.09452372822055033,0.0857317233059008,0.03110323960039161,0.0693813340491076,0.02398912243774534,0.9306186659508924,0.023989122437745324,0.28410406931366894,0.033797555140326174,30.65564667415696,3.023292452141443,1.0,0.0,1.0,0.13977308495943905,0.027186815490672006,0.3689098666936438,0.0492215346643914,-49.77992473624821,18.823802482818028,0.08480579737997487,0.03101399501594713,0.28410406931366894,0.033797555140326174,0.8613619629514492,0.06450570004047178,65.7,19.079046097748176,0.8262526719125105,0.03466157467530771,65.7,19.079046097748176,65.7,19.079046097748176,49.77992473624821,-76.59285270642758,16.959123366363173,18.823802482818028
weaker_wrapper,LinUCB,balanced,10,True,0.15,0.0,0.0,0.0,31.436699905281046,5.4765045446975,0.0002581829968926758,0.0002992518535526456,7.433289249720673,0.8822298121589373,0.553784954036176,0.011885113134003275,0.5154004962352021,0.03678825793161689,-1.30678301746978,0.13188668607376297,0.0,0.0,0.0249603259147909,0.021703319987460397,0.9750396740852091,0.021703319987460383,0.0,0.0,27.211127402803776,5.755669620947362,1.0,0.0,1.0,0.0,0.0,0.0,0.0,-37.11136106036342,14.244891137718437,0.0,0.0,0.0,0.0,0.5851445894334287,0.104913568645677,40.2,8.657944328765346,0.6549476266782795,0.07202426497813987,40.2,8.657944328765346,40.2,8.657944328765346,37.11136106036342,-51.54048472584984,6.956659188689931,14.244891137718437
weaker_wrapper,LinUCB,mild_left_weak,10,True,0.15,0.0,0.0,0.0,28.39392818052073,3.3240858804284943,0.000396616343467412,0.00031250390427314584,7.99664354078657,0.892123078992999,0.5149107771979908,0.0135078248342769,0.5302311349648835,0.019645595709477166,-1.266573591975773,0.072908700309116,0.0,0.0,0.02142760649153066,0.015468115064101931,0.9785723935084694,0.015468115064101935,0.0,0.0,30.205462369187718,2.894515546266813,1.0,0.0,1.0,0.0,0.0,0.0,0.0,-46.3845696798452,8.128160508424513,0.0,0.0,0.0,0.0,0.7280187708206103,0.057376598368102494,50.7,5.568662316930341,0.7387264340121059,0.04126799115084072,50.7,5.568662316930341,50.7,5.568662316930341,46.3845696798452,-63.88353709537548,4.459144896182095,8.128160508424513
weaker_wrapper,LinUCB,severe_left_weak,10,True,0.15,0.0,0.0,0.0,31.008967877368754,3.428196467577102,0.00039566798960087075,0.0002355520785165389,8.275459800785354,1.0512400190182747,0.4662711576389256,0.010626288894354111,0.5131957261134199,0.029731874658329525,-1.3326601406794918,0.08547628349287764,0.0,0.0,0.02750741188886615,0.013420727550338421,0.9724925881111339,0.01342072755033841,0.0,0.0,28.979079115920808,3.9590264466406633,1.0,0.0,1.0,0.0,0.0,0.0,0.0,-41.99536256439891,12.259197841460754,0.0,0.0,0.0,0.0,0.7576220421222869,0.09764203163476498,49.1,7.299999999999999,0.7466857939585956,0.06603823344838687,49.1,7.299999999999999,49.1,7.299999999999999,41.99536256439891,-64.88263184443066,7.416758338759516,12.259197841460754
weaker_wrapper,Thompson,balanced,10,True,0.15,0.0,0.21704362666482716,0.020372180940795865,28.014270571920633,5.140701345430104,0.016922540382573188,0.007106185795586814,7.658644269423017,0.9191782335047302,0.58689626949137,0.047086967886601584,0.5324616858496364,0.03343594394190827,-1.2452606199509362,0.11030790965560208,0.18227477284423904,0.07892868741660178,0.20846097757391027,0.0777722579853708,0.7915390224260899,0.07777225798537078,0.21704362666482716,0.020372180940795865,26.56929775034922,4.847110289055256,1.0,0.0,1.0,0.12335240779553777,0.03329798402778479,0.3993183995090662,0.08360909461775097,-35.06692680004123,8.923949293560984,0.18227477284423904,0.07892868741660178,0.21704362666482716,0.020372180940795865,0.5900492612700653,0.10867359236032623,39.5,9.002777349240622,0.6772022399751856,0.07925457056396108,39.5,9.002777349240622,39.5,9.002777349240622,35.06692680004123,-48.3755950012,8.504555402406636,8.923949293560984
weaker_wrapper,Thompson,mild_left_weak,10,True,0.15,0.0,0.2378663436349541,0.017166296019891163,28.697889940742403,4.918369817257145,0.015348071639832367,0.004231667688476673,8.477244531448216,1.3073147674159888,0.5529391167847453,0.022108282632990486,0.5470233752909063,0.030400990751616702,-1.258854393375016,0.08981508298677349,0.1435120811980384,0.06423020350245084,0.19923382336422898,0.052949936107127754,0.800766176635771,0.052949936107127775,0.2378663436349541,0.017166296019891163,29.489676217299017,3.329150257028223,1.0,0.0,1.0,0.13143526709456238,0.03909877256114496,0.3795265729811407,0.06780794555173739,-43.19370545176846,12.26979412432383,0.14166022934618658,0.06493798599510914,0.2378663436349541,0.017166296019891163,0.703408742183417,0.10516718505656418,48.3,11.967038062946068,0.7393391737438454,0.06616571223551551,48.3,11.967038062946068,48.3,11.967038062946068,43.19370545176846,-59.886170262226834,11.71119676191012,12.26979412432383
weaker_wrapper,Thompson,severe_left_weak,10,True,0.15,0.0,0.2306057315252493,0.030284362685372924,32.89447827774097,3.428891609107921,0.009938928013583368,0.005614489350941976,8.684582876599677,0.7854579226731727,0.47444259855948606,0.042524666949345195,0.5015286407610089,0.029411338535329914,-1.3815806667341446,0.07712180013474355,0.10545400308195418,0.06319752660131947,0.13358858598854134,0.07693003821159575,0.8664114140114588,0.07693003821159575,0.2306057315252493,0.030284362685372924,24.9943841811638,4.232220176963009,1.0,0.0,1.0,0.09707366207617366,0.05205827042924756,0.3360597346072035,0.0777666276067415,-33.62232682580568,12.713752476154932,0.10545400308195418,0.06319752660131947,0.2306057315252493,0.030284362685372924,0.653469740125155,0.09483397619256224,38.8,6.954135460285484,0.681876916808733,0.07116087487764201,38.8,6.954135460285484,38.8,6.954135460285484,33.62232682580568,-53.17799036450659,7.401148409845939,12.713752476154932
weaker_wrapper,PianoMPC,balanced,10,True,0.15,0.0,0.0,0.0,40.28288874445856,2.904233144737078,0.0027612873862302143,0.0018967132731484504,7.88152525829904,1.0511092463341325,0.4987541555359635,0.024992830949328096,0.6300223692862293,0.015338404766834476,-1.2275830473138039,0.03630769256889374,0.04146380994207081,0.04556607433596482,0.09801584549868302,0.035190343048327986,0.901984154501317,0.03519034304832798,0.0,0.0,20.224843602481776,2.4017829901089205,1.0,0.0,1.0,0.0,0.0,0.04146380994207081,0.04556607433596482,-20.90489822102888,6.833987834530131,0.04146380994207081,0.04556607433596482,0.0,0.0,0.3479038341334393,0.057524062650603926,22.1,3.419064199455752,0.474456043213607,0.03234322718711378,22.1,3.419064199455752,22.1,3.419064199455752,20.90489822102888,-27.061586350273462,3.7772642667913403,6.833987834530131
weaker_wrapper,PianoMPC,mild_left_weak,10,True,0.15,0.0,0.0,0.0,40.051076567999345,1.362849798579699,0.0026738863636363948,0.002035760301163438,8.35860805246385,1.0071274889754738,0.4962182564102566,0.021821029865816827,0.605756093633879,0.02326813235095743,-1.2817564446655783,0.04611469291412408,0.0793490675990676,0.05522338468619986,0.07426806526806526,0.0540181369338602,0.9257319347319346,0.05401813693386021,0.0,0.0,20.527437106131792,2.927547555718044,1.0,0.0,1.0,0.0,0.0,0.0793490675990676,0.05522338468619986,-16.579813566467898,6.480477466931413,0.0793490675990676,0.05522338468619986,0.0,0.0,0.42158518963004604,0.04813445252478208,24.9,3.5902646142032486,0.5023091724005476,0.02598510270569505,24.9,3.5902646142032486,24.9,3.5902646142032486,16.579813566467898,-31.876200150628797,4.395640803694369,6.480477466931413
weaker_wrapper,PianoMPC,severe_left_weak,10,True,0.15,0.0,0.0,0.0,41.46458259959654,2.1224177149420504,0.0017513104430690765,0.0017594421403945625,9.201533147793985,0.9870310502309958,0.46904721416642114,0.016349819813622934,0.581610774028229,0.02441576547540418,-1.363560443502186,0.05627057618768365,0.07090750564888496,0.04229337813768965,0.06752760585519206,0.05497419317232574,0.9324723941448079,0.05497419317232576,0.0,0.0,21.545263134471348,3.9788341477733744,1.0,0.0,1.0,0.0,0.0,0.07090750564888496,0.04229337813768965,-25.08893605535605,7.554253236656292,0.07090750564888496,0.04229337813768965,0.0,0.0,0.4845935743047255,0.05327200940774011,26.5,4.031128874149275,0.5373440508615861,0.034048729825532115,26.5,4.031128874149275,26.5,4.031128874149275,25.08893605535605,-36.02801528737984,5.0112092336660705,7.554253236656292
weaker_wrapper,DQN,balanced,10,True,0.15,0.0,0.18527623987828606,0.07384404103228762,25.998115334604098,5.769625072234653,0.01641096961399417,0.007672685403807878,7.8753802275542055,1.200252065406017,0.577663164858899,0.06260061237452437,0.5616433328697489,0.021912471876884467,-1.182634493976107,0.10701383196280781,0.1790562700258757,0.07826841112763164,0.19607285477617536,0.08278190089768538,0.8039271452238246,0.08278190089768535,0.18527623987828606,0.07384404103228762,29.527423960463523,3.676346637547871,1.0,0.0,1.0,0.11143886338042461,0.05316924452679477,0.36433250990416177,0.12169683265424074,-36.88505497854823,19.168786902491156,0.1790562700258757,0.07826841112763164,0.18527623987828606,0.07384404103228762,0.633579542704744,0.11472823010882467,46.4,19.77978766316767,0.6988211320926853,0.0861168084198687,46.4,19.77978766316767,46.4,19.77978766316767,36.88505497854823,-53.33843813307775,18.14755552957317,19.168786902491156
weaker_wrapper,DQN,mild_left_weak,10,True,0.15,0.0,0.18354147920637282,0.06487602462956277,27.109897933899116,5.671840009713044,0.008934814348378197,0.007599674088670644,8.562419777049103,1.2626924037789218,0.5210393455441328,0.05624987227129528,0.5469175061566615,0.04837053348009276,-1.234666588308911,0.13577548960087762,0.13867386553556765,0.1345993364361914,0.14299831866321228,0.10056421719718142,0.8570016813367877,0.10056421719718141,0.18354147920637282,0.06487602462956277,28.694438668882846,3.4514017746546424,1.0,0.0,1.0,0.08981619444385401,0.06064321139809311,0.3222153447419405,0.16438960258598,-33.609208041950566,7.213241696776834,0.13867386553556765,0.1345993364361914,0.18354147920637282,0.06487602462956277,0.6514545333845622,0.12529800572748154,42.0,12.280065146407,0.6927733120325246,0.09083695245184609,42.0,12.280065146407,42.0,12.280065146407,33.609208041950566,-50.64264740895153,11.405859929689543,7.213241696776834
weaker_wrapper,DQN,severe_left_weak,10,True,0.15,0.0,0.18771703970844317,0.07074051210742043,31.29355953511971,5.780345626204717,0.013146141098823205,0.0065509090568173075,8.640247514820764,0.8907757819227322,0.47435425654873214,0.06084251699742325,0.5210397854602948,0.03863011595131492,-1.3340451270169944,0.11938041711700098,0.16191126683142842,0.07312885620166314,0.1783503203832097,0.07809284308269292,0.8216496796167903,0.0780928430826929,0.18771703970844317,0.07074051210742043,28.018804618192547,4.894092749266336,1.0,0.0,1.0,0.11873432948629215,0.05648475097201078,0.3496283065398716,0.11856673111770927,-41.38716798478073,12.593115811976968,0.16191126683142842,0.07312885620166314,0.18771703970844317,0.07074051210742043,0.7092903073867847,0.12059185662602517,46.9,13.163965967746956,0.7164292773079503,0.08029182672067621,46.9,13.163965967746956,46.9,13.163965967746956,41.38716798478073,-61.295789219176186,13.441731106231865,12.593115811976968
weaker_wrapper,BayesianMAB,balanced,10,True,0.15,0.0,0.15399928740859667,0.034474013719624316,34.537754008242146,2.6331040344823915,0.01320573680728961,0.008067570112413075,7.560104010799587,0.7395530199434304,0.5593364150102652,0.06100351618981077,0.542241293048139,0.032836225245711705,-1.2972567439700164,0.08343906297355808,0.1612353686272764,0.0978161233230294,0.18260798594309857,0.09754040885078205,0.8173920140569013,0.09754040885078206,0.15399928740859667,0.034474013719624316,26.152853966973915,2.3180628736354874,1.0,0.0,1.0,0.10403267552781803,0.049011317048776794,0.3152346560358731,0.11915606209178578,-21.95646287806771,8.158997825048575,0.1612353686272764,0.0978161233230294,0.15399928740859667,0.034474013719624316,0.45901829100904434,0.06971118331867143,28.0,5.60357029044876,0.578176367534802,0.0454178990649536,28.0,5.60357029044876,28.0,5.60357029044876,21.95646287806771,-36.273374292985174,7.226040009123742,8.158997825048575
weaker_wrapper,BayesianMAB,mild_left_weak,10,True,0.15,0.0,0.1829911896249773,0.06187832578577316,29.59682726124032,4.641302290539772,0.013066538231615358,0.0070923232888072925,7.898861290204868,1.384126528852526,0.5027585521518574,0.1062529270472729,0.539030604162001,0.025467303954108792,-1.2583750411837902,0.08360624617533449,0.1661807624863579,0.08869346076160602,0.17959829366393212,0.09142934976289362,0.8204017063360679,0.09142934976289362,0.1829911896249773,0.06187832578577316,29.427567284742697,3.8640987541909717,1.0,0.0,1.0,0.09968761112950496,0.04932086290643992,0.34673292772109127,0.12454029916742024,-37.969809976696695,11.772436977386743,0.163741738096114,0.08888954952066323,0.1829911896249773,0.06187832578577316,0.610195002071459,0.1281817924107185,38.6,10.150862032359615,0.6689450597175906,0.09720284482083746,38.6,10.150862032359615,38.6,10.150862032359615,37.969809976696695,-48.02175980890787,11.101681684273155,11.772436977386743
weaker_wrapper,BayesianMAB,severe_left_weak,10,True,0.15,0.0,0.14129347576303433,0.041315840938362325,32.73954917437136,3.4933703251234176,0.012564669525127265,0.009393522258290394,8.881625886532808,1.3498319466369033,0.45409578930570227,0.07302321136627037,0.5244680513112654,0.03750339784412088,-1.3459278300065702,0.09465856923425747,0.1522971949728228,0.10541742559151587,0.1610500971636205,0.09711048146643646,0.8389499028363796,0.09711048146643649,0.14129347576303433,0.041315840938362325,25.1676761331977,3.913267007750535,1.0,0.0,1.0,0.0677622033949663,0.04803318661166417,0.29359067073585704,0.13827566104669292,-27.5748788789383,7.818168752492222,0.1522971949728228,0.10541742559151587,0.14129347576303433,0.041315840938362325,0.614903833575682,0.07901816356699282,34.9,5.906775770248943,0.6491333155468504,0.047895375587732,34.9,5.906775770248943,34.9,5.906775770248943,27.5748788789383,-46.507697514985246,5.891394756308002,7.818168752492222
weaker_wrapper,CCB-DF,balanced,10,True,0.15,0.0,0.27787011707079096,0.006412932398187169,27.86410485483581,4.24682002884944,0.014797073866756919,0.0041228277682682024,7.427664753125626,1.0646675126306415,0.5985557758837026,0.019675324217167084,0.5171829542649341,0.035289831145574636,-1.2681566185034363,0.10045180122475603,0.15981645986532803,0.0637081670928379,0.181673769839126,0.04912709005552638,0.8183262301608739,0.04912709005552637,0.27787011707079096,0.006412932398187169,28.97845718565072,4.101155614853677,1.0,0.0,1.0,0.13669216878257243,0.030074095057329723,0.43768657693611895,0.05965210108116348,-49.94947433829186,7.150572606033009,0.15981645986532803,0.0637081670928379,0.27787011707079096,0.006412932398187169,0.6544179634437912,0.08158615185665108,49.0,7.848566748139434,0.6963964221499365,0.05833968801719398,49.0,7.848566748139434,49.0,7.848566748139434,49.94947433829186,-61.4843045759538,6.911345927286683,7.150572606033009
weaker_wrapper,CCB-DF,mild_left_weak,10,True,0.15,0.0,0.28644090740459005,0.006010952519590485,29.68131287171304,4.276216987403758,0.010207735852838616,0.0039985092167002835,7.9115137223844245,0.8150342836224742,0.5259290424778755,0.023297870768338707,0.5050407008826536,0.03780960414459535,-1.32165670861295,0.10004091686539444,0.09109350079299089,0.034544735712311626,0.1258801862125877,0.04541597761638847,0.8741198137874122,0.045415977616388485,0.28644090740459005,0.006010952519590485,28.035106155554928,4.609360892090907,1.0,0.0,1.0,0.11135195115480279,0.03664575123361587,0.37753440819758094,0.03414875273753079,-47.94522632606495,14.707496706284243,0.09109350079299089,0.034544735712311626,0.28644090740459005,0.006010952519590485,0.6855116492491976,0.11214001239229132,49.7,13.409325113517086,0.7089195629334623,0.0703515514451245,49.7,13.409325113517086,49.7,13.409325113517086,47.94522632606495,-64.52482546109913,12.866245596294286,14.707496706284243
weaker_wrapper,CCB-DF,severe_left_weak,10,True,0.15,0.0,0.29839973796060293,0.004783947507589045,31.360105127310703,4.4997248978079,0.013753394362031527,0.0047043729630934245,8.912390817683011,0.6184406512645799,0.504141421158568,0.02377182375332798,0.48284995331139624,0.03921817944322535,-1.406271116221871,0.10428666283270807,0.1374434887763923,0.0429443938339241,0.1750250823669702,0.03932499894661748,0.8249749176330298,0.03932499894661748,0.29839973796060293,0.004783947507589045,29.125214178475552,4.137101802902111,1.0,0.0,1.0,0.14894053013323355,0.03404853422353727,0.4337155671625272,0.0421312100838178,-48.815893358586436,11.325020007650384,0.13531582920192417,0.04399715850519317,0.29839973796060293,0.004783947507589045,0.7557183590175482,0.10174890834618408,51.0,10.353743284435827,0.7539660954155618,0.0644956209934042,51.0,10.353743284435827,51.0,10.353743284435827,48.815893358586436,-70.67029267278528,9.141949417113768,11.325020007650384
weaker_wrapper,Safe-AC,balanced,10,True,0.15,0.0,0.18025195979317946,0.03954977699160003,27.56448859447689,5.74242862086958,0.014967019594509906,0.008382548637357158,7.819543153449883,1.8408382951345208,0.5806569487828527,0.04568291561099434,0.5530079077593336,0.026575900952286263,-1.2121038698602322,0.10991392405260139,0.17336684594168933,0.07290397267073094,0.19663995810644236,0.08672738348172204,0.8033600418935576,0.08672738348172203,0.18025195979317946,0.03954977699160003,29.077771966102695,4.438772751017013,1.0,0.0,1.0,0.11836623211909407,0.0389158812861405,0.3536188057348688,0.08349998765698032,-36.90073285633906,11.866342510925762,0.17336684594168933,0.07290397267073094,0.18025195979317946,0.03954977699160003,0.6085039881649792,0.12112168336591617,41.5,11.307077429645558,0.6838994254284552,0.09109736170190577,41.5,11.307077429645558,41.5,11.307077429645558,36.90073285633906,-49.446001608548194,10.97046825525896,11.866342510925762
weaker_wrapper,Safe-AC,mild_left_weak,10,True,0.15,0.0,0.2114468164594129,0.02835851032778937,27.976208254066144,5.482612848044362,0.017142428816588548,0.005208906293343212,8.911213344721151,1.3792374926354207,0.5540066395688962,0.025552185474659393,0.5436954507275207,0.03200914400678488,-1.2656161268898596,0.11262539087358107,0.1812510006377391,0.061866999398146404,0.20135389113354876,0.05034457806237998,0.7986461088664512,0.05034457806237997,0.2114468164594129,0.02835851032778937,29.827381354589942,2.3791754460017747,1.0,0.0,1.0,0.12941294059037672,0.02624321536933349,0.3885203838499513,0.07490736112915547,-35.348091701178,8.188003493761586,0.17707356739053842,0.057722645759125335,0.2114468164594129,0.02835851032778937,0.6981897272436313,0.11127991110942852,46.1,11.953660527219267,0.7302295125173801,0.057907281596844856,46.1,11.953660527219267,46.1,11.953660527219267,35.348091701178,-57.292781884340876,12.18147257521876,8.188003493761586
weaker_wrapper,Safe-AC,severe_left_weak,10,True,0.15,0.0,0.18999005140418515,0.039716120026461355,29.917301809262728,4.581161547560866,0.014841029808506245,0.007135198500477226,9.193303138640877,0.9665874459038838,0.4857553918494542,0.0590112811002089,0.5210724523837789,0.02338228601352685,-1.3308169071298037,0.09803225282207688,0.16721135530292064,0.07298506892040021,0.1876729518370856,0.08021965244125949,0.8123270481629146,0.0802196524412595,0.18999005140418515,0.039716120026461355,27.586598949431192,4.837962720253117,1.0,0.0,1.0,0.12581141199226306,0.031907881961271166,0.3536299781356772,0.08732966107094677,-39.17078062566617,8.212525582885222,0.16363992673149208,0.06926267804548585,0.18999005140418515,0.039716120026461355,0.7255601651000863,0.10381643861749103,43.0,8.555699854482976,0.7408297485875658,0.06742847114337519,43.0,8.555699854482976,43.0,8.555699854482976,39.17078062566617,-56.44196679916918,8.008122216331873,8.212525582885222
weaker_wrapper,AutoCurriculum,balanced,10,True,0.15,0.0,0.2619639704777095,0.04062903253292045,21.7683913309281,6.639222917659803,0.01233070803880101,0.0049258438319461344,7.433932187217506,0.7569710322418057,0.5385584166600179,0.03338629769300895,0.5659033778806265,0.028227987473944647,-1.1166115989315288,0.11442503175664116,0.10447835565864697,0.02555606196713473,0.15173333558470167,0.046419090219876585,0.8482666644152983,0.04641909021987658,0.2619639704777095,0.04062903253292045,30.992487468559908,3.8105232206079607,1.0,0.0,1.0,0.11674250909716569,0.03752732204266955,0.36644232613635647,0.050603321503433496,-38.369218810793036,15.061978149687814,0.10447835565864697,0.02555606196713473,0.2619639704777095,0.04062903253292045,0.6813832573719628,0.11571347291995755,62.2,37.68235661420342,0.7177091430419447,0.06899666405639147,62.2,37.68235661420342,62.2,37.68235661420342,38.369218810793036,-65.9326284339708,31.66248446286981,15.061978149687814
weaker_wrapper,AutoCurriculum,mild_left_weak,10,True,0.15,0.0,0.2711170477812709,0.04218817945883505,25.179315153467527,5.002233778505732,0.009826104416433052,0.00495435220506927,8.01309609561321,0.5911239064147532,0.4951845549585999,0.06535460476695412,0.548282445352655,0.014545446600763854,-1.2016238393888705,0.07467958463561786,0.09654676568837126,0.046706086771020276,0.1334798148987314,0.06199424853508528,0.8665201851012686,0.06199424853508528,0.2711170477812709,0.04218817945883505,28.056115971723138,4.3200403477123555,1.0,0.0,1.0,0.11358639856279765,0.05375495074670164,0.36766381346964216,0.08223160600449432,-41.860126326326096,11.889251171291082,0.09654676568837126,0.046706086771020276,0.2711170477812709,0.04218817945883505,0.7346803089357528,0.10840597272677696,52.3,11.576268828944842,0.7310086143994763,0.07094940995230653,52.3,11.576268828944842,52.3,11.576268828944842,41.860126326326096,-62.07911093022737,11.198732037712585,11.889251171291082
weaker_wrapper,AutoCurriculum,severe_left_weak,10,True,0.15,0.0,0.28689158433447803,0.01930884664019532,22.43087316245765,5.291367053542821,0.009111453953205234,0.004260616121407289,8.894092161546343,0.8827416401645597,0.45688417322207203,0.034309418332955414,0.5466406301880121,0.03024588603536491,-1.1976390988269263,0.10790174914115247,0.09173039480876563,0.04587396439855121,0.12994838859895066,0.04629056626068756,0.8700516114010494,0.04629056626068757,0.28689158433447803,0.01930884664019532,30.510427674386158,3.892734595796025,1.0,0.0,1.0,0.11225764860169918,0.04474241419781309,0.3786219791432437,0.04743616592299056,-49.44090411758882,13.71915935387678,0.09173039480876563,0.04587396439855121,0.28689158433447803,0.01930884664019532,0.8458051428374148,0.09457198893111686,63.6,15.793669617919706,0.8006168513346346,0.06340347017894137,63.6,15.793669617919706,63.6,15.793669617919706,49.44090411758882,-74.61816887858228,13.799940190892539,13.71915935387678
no_wrapper,LinUCB,balanced,10,False,0.08,0.05,0.0,0.0,29.226220751303668,5.064207641324326,0.0004740236482372039,0.0006912548873238335,7.036119911640812,1.0816730692995877,0.5509552610407746,0.011735756982220494,0.5150766920980492,0.03915636494840201,-1.268676143913708,0.11334349357804972,0.0,0.0,0.025315584812068186,0.02462281357458729,0.9746844151879317,0.024622813574587295,0.0,0.0,29.16853838384896,2.7183665189894897,1.0,0.0,1.0,0.0,0.0,0.0,0.0,-39.532313106560125,8.937665997792951,0.0,0.0,0.0,0.0,0.5866306572470965,0.09273241393514757,40.9,9.364293886887573,0.6603795159014174,0.05226213866578617,40.9,9.364293886887573,40.9,9.364293886887573,39.532313106560125,-50.99048813810314,7.739381253172964,8.937665997792951
no_wrapper,LinUCB,mild_left_weak,10,False,0.08,0.05,0.0,0.0,28.860964559563325,3.2319736022598997,0.0008796349975855099,0.0010322531362960661,8.642583243427946,0.9864156357773496,0.5035825683966305,0.021493633477931443,0.5212436211399519,0.016653132306973906,-1.303376156278571,0.07026014716650629,0.0,0.0,0.034505768754634236,0.03007691322020147,0.9654942312453658,0.030076913220201465,0.0,0.0,29.218719547394972,3.336060653334501,1.0,0.0,1.0,0.0,0.0,0.0,0.0,-46.73102925105058,5.773821793894304,0.0,0.0,0.0,0.0,0.714031208160826,0.026868411520080317,48.6,2.90516780926679,0.7387347074638584,0.025734637086084654,48.6,2.90516780926679,48.6,2.90516780926679,46.73102925105058,-63.201109059542965,2.7534011514014196,5.773821793894304
no_wrapper,LinUCB,severe_left_weak,10,False,0.08,0.05,0.0,0.0,31.848467387951295,4.20345462653493,0.0008371390578822485,0.000520943076538622,8.850290258139186,0.7362381271296061,0.4690067045623483,0.0134841044217446,0.5093323359453127,0.02864834492144628,-1.3648901274542584,0.10070165335881451,0.0,0.0,0.05212487210367315,0.01609194237045733,0.9478751278963268,0.01609194237045732,0.0,0.0,29.78689264207815,3.2118188518975677,1.0,0.0,1.0,0.0,0.0,0.0,0.0,-44.328282825096565,12.32809430717473,0.0,0.0,0.0,0.0,0.7492473963284153,0.09075566733775098,48.8,8.6,0.7532599466847306,0.059620298606997635,48.8,8.6,48.8,8.6,44.328282825096565,-65.76816664156186,7.1612672925154195,12.32809430717473
no_wrapper,Thompson,balanced,10,False,0.08,0.05,0.0,0.0,35.128803564924205,4.0352159659844515,0.1742704256485203,0.01367358844692584,7.463658905404275,1.0300984782549039,0.851316153407015,0.01879169693685672,0.6076819089323674,0.029744382002207366,-1.2582908681058558,0.08368777898798331,0.7904501583241993,0.040544126133313194,0.7605009286323224,0.04629458655635487,0.23949907136767754,0.04629458655635487,0.0,0.0,26.33408567112475,3.449309612767769,1.0,0.0,1.0,0.7118883966630131,0.05970432305967766,0.7904501583241993,0.040544126133313194,-32.42793258223186,10.492945300931993,0.0,0.0,0.0,0.0,0.5846470296296338,0.08157083269522712,32.2,6.273754856543249,0.6786989161319698,0.04653739929644883,32.2,6.273754856543249,32.2,6.273754856543249,32.42793258223186,-40.167680913610155,5.977790789710159,10.492945300931993
no_wrapper,Thompson,mild_left_weak,10,False,0.08,0.05,0.0,0.0,39.640729748657996,5.783809856318908,0.19715406419118336,0.02610738507591427,8.472672492783365,1.1101684042832727,0.8162963778370689,0.053101659964622856,0.5722223685411263,0.04995911707961454,-1.403050426454724,0.1423943059159729,0.7527718573263951,0.09780402077598083,0.7311044672452118,0.09664832467205835,0.2688955327547881,0.09664832467205835,0.0,0.0,26.881515731050023,3.5431862638411324,1.0,0.0,1.0,0.6963015472922559,0.0841110657371197,0.7527718573263951,0.09780402077598083,-26.934326021144436,9.694996328901743,0.0,0.0,0.0,0.0,0.5784186842391378,0.10583429556890908,30.2,6.997142273814361,0.6770289560517535,0.05598391355403389,30.2,6.997142273814361,30.2,6.997142273814361,26.934326021144436,-41.524356603389634,5.872206224832196,9.694996328901743
no_wrapper,Thompson,severe_left_weak,10,False,0.08,0.05,0.0,0.0,41.51011801937645,4.398445804953237,0.2617267084386201,0.027857551166079034,9.717546933023698,1.4308397507028705,0.8570529493219199,0.05914962596669334,0.5693539968274648,0.030753933341525354,-1.4902956809275794,0.09403819196879523,0.837389310036369,0.07384710689620845,0.8225045216221686,0.07583884621204207,0.1774954783778313,0.07583884621204208,0.0,0.0,28.964737755267755,3.1740404418983568,1.0,0.0,1.0,0.798865758424582,0.0862187445739329,0.837389310036369,0.07384710689620845,-32.08309174754807,8.296709951598974,0.0,0.0,0.0,0.0,0.7028645622162026,0.10153398654730306,34.5,5.481788029466299,0.7584599343208094,0.06918252701850408,34.5,5.481788029466299,34.5,5.481788029466299,32.08309174754807,-50.99110898392139,5.753105034536653,8.296709951598974
no_wrapper,PianoMPC,balanced,10,False,0.08,0.05,0.0,0.0,39.96489018555624,1.8570442805189218,0.001884975008888083,0.0013400516354158114,7.441120563722121,1.0249002856569864,0.5082267363071714,0.018165374881062367,0.6196072077077945,0.010168164401691576,-1.2310305527489755,0.032437778093031056,0.16839513143860968,0.066139579629982,0.07902419641550076,0.0338150888310354,0.9209758035844994,0.0338150888310354,0.0,0.0,20.524181986376256,2.7842459910497745,1.0,0.0,1.0,0.0,0.0,0.16839513143860968,0.066139579629982,-17.643990052197573,13.006089642935084,0.0,0.0,0.0,0.0,0.37464426197936684,0.04394324603802331,23.5,2.1095023109728985,0.48846972567363534,0.03547452827368814,23.5,2.1095023109728985,23.5,2.1095023109728985,17.643990052197573,-28.934990806405978,2.73736577965134,13.006089642935084
no_wrapper,PianoMPC,mild_left_weak,10,False,0.08,0.05,0.0,0.0,40.05930966200125,2.5016249208119534,0.0012522446203736709,0.0013852727340916762,8.263018413364335,1.2214133855273104,0.4935413202568043,0.016490823745175368,0.6023526190658943,0.01629313879934692,-1.2868080458083602,0.032670541591367966,0.1365563039111426,0.07768518367337535,0.048935050612469964,0.03755541782792699,0.9510649493875301,0.037555417827926985,0.0,0.0,20.825155538130215,1.6053089031995473,1.0,0.0,1.0,0.0,0.0,0.1365563039111426,0.07768518367337535,-25.907042096582774,6.059420150724027,0.0,0.0,0.0,0.0,0.434609820484203,0.043437369253020476,26.4,3.411744421846396,0.501346790987211,0.021768896121688086,26.4,3.411744421846396,26.4,3.411744421846396,25.907042096582774,-33.91338025419622,4.036541246713848,6.059420150724027
no_wrapper,PianoMPC,severe_left_weak,10,False,0.08,0.05,0.0,0.0,40.94760230370138,2.1752648850663903,0.002487336972699971,0.001920255691727736,9.04528782152035,1.0998503110497242,0.472547765236847,0.01783077143054897,0.5819716070709229,0.03478401765971126,-1.3523936590019467,0.06072353255223032,0.20071597096188745,0.06930063809382205,0.09064766802062627,0.03704440256141377,0.9093523319793737,0.03704440256141378,0.0,0.0,19.239093692954448,4.5822073580807965,1.0,0.0,1.0,0.0,0.0,0.20071597096188745,0.06930063809382205,-23.96891954896198,11.652904946702629,0.0,0.0,0.0,0.0,0.47622834247889073,0.08186484749309135,27.4,7.1860976892886725,0.5311838595674103,0.03781771163724976,27.4,7.1860976892886725,27.4,7.1860976892886725,23.96891954896198,-36.69294058646,7.862193785455931,11.652904946702629
no_wrapper,DQN,balanced,10,False,0.08,0.05,0.0,0.0,31.479991048680052,9.002940340986282,0.15583148147387277,0.04429301275149949,8.241746897562733,0.917416166476859,0.8018262508722428,0.09632783460470698,0.6277174346162837,0.0400659186832943,-1.2019601964453985,0.1393889112872974,0.7354265061466149,0.12995916561602164,0.6853616999676783,0.138940476717809,0.31463830003232174,0.138940476717809,0.0,0.0,28.378828484710795,3.455070045684496,1.0,0.0,1.0,0.6481968628707759,0.17000838633151466,0.7354265061466149,0.12995916561602164,-37.740262261916186,8.939488568055792,0.0,0.0,0.0,0.0,0.6165349799526866,0.10487733003446383,40.4,12.15072014326723,0.6845388393779575,0.06902463680594245,40.4,12.15072014326723,40.4,12.15072014326723,37.740262261916186,-47.380295079311,11.175793547466196,8.939488568055792
no_wrapper,DQN,mild_left_weak,10,False,0.08,0.05,0.0,0.0,39.19090823554954,7.176225367030647,0.20403225470170852,0.039520808908363916,8.247026516776039,1.7385502871783538,0.8314124279350563,0.07115901633620157,0.5720429560209468,0.030794968414144443,-1.3974417497068314,0.1051749584706745,0.7800376044370843,0.10533611153556778,0.7583961955863732,0.11016155431534055,0.24160380441362692,0.11016155431534055,0.0,0.0,27.11164118815376,3.4848691479073235,1.0,0.0,1.0,0.7055173591166553,0.13198611972842958,0.7800376044370843,0.10533611153556778,-34.17118606497052,11.05386357727361,0.0,0.0,0.0,0.0,0.6087707829139477,0.08401423041089805,34.6,9.123595782365634,0.6988839543162882,0.06072370571958241,34.6,9.123595782365634,34.6,9.123595782365634,34.17118606497052,-48.27754028622906,12.913246221053237,11.05386357727361
no_wrapper,DQN,severe_left_weak,10,False,0.08,0.05,0.0,0.0,39.42068314839517,8.669297487688238,0.28240751216275983,0.02600557682840491,8.945724508170407,1.3690880405873886,0.895416537811921,0.046765290019876504,0.5679856992462593,0.03067771547608682,-1.455168368757088,0.16432463974999878,0.8812229582908678,0.0629014605278169,0.8613873398329585,0.06916711474436417,0.13861266016704166,0.06916711474436417,0.0,0.0,29.02223664896541,4.4159311581142235,1.0,0.0,1.0,0.8337966078880065,0.07412046638903498,0.8812229582908678,0.0629014605278169,-39.27107333502389,21.001177228183025,0.0,0.0,0.0,0.0,0.7408433082699794,0.09821661723442533,43.4,13.162066707018315,0.7702685858451279,0.06053957833083839,43.4,13.162066707018315,43.4,13.162066707018315,39.27107333502389,-61.803858858343446,14.755786275364192,21.001177228183025
no_wrapper,BayesianMAB,balanced,10,False,0.08,0.05,0.0,0.0,39.77453051894479,5.882142056403328,0.14124924123387284,0.039104770345582164,7.480059668524545,1.6770980557800919,0.7574878097942835,0.1198515163050228,0.5778958226338375,0.03295726116103279,-1.3440390382300886,0.11975100490033748,0.6626897815318868,0.16956473062108482,0.6337602899708162,0.1486490164482871,0.3662397100291837,0.1486490164482871,0.0,0.0,26.144199662049413,3.617468348033804,1.0,0.0,1.0,0.5809476320265794,0.16678099994206566,0.6626897815318868,0.16956473062108482,-20.876086973878405,8.912547822188753,0.0,0.0,0.0,0.0,0.44932651103552734,0.06751267359528802,25.4,4.8,0.5982194483640879,0.05795827475831223,25.4,4.8,25.4,4.8,20.876086973878405,-33.85175015716852,5.628626268914375,8.912547822188753
no_wrapper,BayesianMAB,mild_left_weak,10,False,0.08,0.05,0.0,0.0,35.60776349589274,5.757996592777496,0.19960108165259666,0.025288751635912148,8.52686242776139,1.1570152089411223,0.827982893747663,0.051478071998574085,0.6056954301028951,0.042405415892434954,-1.299235559620644,0.15143659246409497,0.7750111894705822,0.0785508762279372,0.7589920163002393,0.07207515622541005,0.24100798369976079,0.07207515622541005,0.0,0.0,29.334296835043904,2.402727434121093,1.0,0.0,1.0,0.7098045470581933,0.07886904853264641,0.7750111894705822,0.0785508762279372,-31.07518916213718,12.875415418865494,0.0,0.0,0.0,0.0,0.5745431046728416,0.08479396915998376,29.9,5.821511831131154,0.6710719977504167,0.06103407451511987,29.9,5.821511831131154,29.9,5.821511831131154,31.07518916213718,-38.551578756388274,7.104748523325892,12.875415418865494
no_wrapper,BayesianMAB,severe_left_weak,10,False,0.08,0.05,0.0,0.0,38.63130171101432,6.949708047601529,0.20775539642582394,0.07125682508414354,9.075305655455827,1.034796367772012,0.77803373643259,0.14262274105171754,0.5674045834422088,0.05098911259965839,-1.4158835586704914,0.14003568279548165,0.7315262640433062,0.1840862033499152,0.6989933262921401,0.1838350779238767,0.30100667370786005,0.1838350779238767,0.0,0.0,25.918329521428696,5.719753240547743,1.0,0.0,1.0,0.6605132435450483,0.204193183770568,0.7315262640433062,0.1840862033499152,-33.34753294001178,13.298348298207634,0.0,0.0,0.0,0.0,0.6326938533475648,0.10491841282316204,30.7,7.694803441284254,0.7175864839291958,0.062286586805776534,30.7,7.694803441284254,30.7,7.694803441284254,33.34753294001178,-42.859357078332025,9.231356219715014,13.298348298207634
no_wrapper,CCB-DF,balanced,10,False,0.08,0.05,0.0,0.0,44.59506855961419,5.16372381271209,0.2018733960970803,0.00985366115781843,7.2646949217950745,1.2902967342741933,0.8970306168733801,0.021082422790645813,0.5562435950246888,0.04286409775065274,-1.4626668903312543,0.13247792128051739,0.8510753379174432,0.04494843876284105,0.820423119765225,0.03676739237991952,0.17957688023477497,0.03676739237991952,0.0,0.0,28.316764505769118,4.806685574447231,1.0,0.0,1.0,0.8168516911937964,0.04026930542114041,0.8510753379174432,0.04494843876284105,-30.433343556854275,7.11414482299812,0.0,0.0,0.0,0.0,0.5313157834338332,0.09217279092346468,29.0,5.848076606885378,0.6450739489456212,0.05893408754268494,29.0,5.848076606885378,29.0,5.848076606885378,30.433343556854275,-41.74056058433082,5.4068182109991545,7.11414482299812
no_wrapper,CCB-DF,mild_left_weak,10,False,0.08,0.05,0.0,0.0,45.54673387167618,5.391318191929934,0.25346244871794876,0.008691147949720184,8.052311335034977,1.0384431161910166,0.9175556286121287,0.015396947402989433,0.5525453498436506,0.040066006457626924,-1.5210123421849906,0.1351333331857252,0.8877462352462352,0.0270472281876881,0.8715319495319495,0.023992126845328282,0.1284680504680505,0.023992126845328282,0.0,0.0,29.1827291486764,3.4494152463154184,1.0,0.0,1.0,0.8647541717541717,0.03201861486642929,0.8877462352462352,0.0270472281876881,-37.30474910577714,11.191508442596087,0.0,0.0,0.0,0.0,0.6089967388314891,0.08834253243141375,32.2,5.7236352085016735,0.6848083895042191,0.05878241703681181,32.2,5.7236352085016735,32.2,5.7236352085016735,37.30474910577714,-48.25296829046653,5.018524950266715,11.191508442596087
no_wrapper,CCB-DF,severe_left_weak,10,False,0.08,0.05,0.0,0.0,48.09349308935423,6.4083302466938985,0.30105603964966077,0.009805010255017845,10.049431868129156,1.609086464012936,0.9263835958687716,0.014747674529759013,0.5344293061942544,0.05293205604101712,-1.6522650858706285,0.1450850380962279,0.9074783358216649,0.019537596022157995,0.9074783358216649,0.018534991030279443,0.09252166417833493,0.018534991030279443,0.0,0.0,26.267588410736284,4.459919585110032,1.0,0.0,1.0,0.8792693600429219,0.02921820853445752,0.9074783358216649,0.019537596022157995,-36.199790164597246,10.598617004991208,0.0,0.0,0.0,0.0,0.6728612630245578,0.10219130851378694,33.7,6.4039050586341455,0.7132861466321498,0.054795472104517295,33.7,6.4039050586341455,33.7,6.4039050586341455,36.199790164597246,-54.788870604469516,6.218878488681664,10.598617004991208
no_wrapper,Safe-AC,balanced,10,False,0.08,0.05,0.0,0.0,34.15140856648711,3.5056647695866245,0.16055920480136623,0.027345197799449356,7.345615042793779,0.885363892654386,0.8173231631382434,0.05173154341456752,0.6132707013308973,0.02448546669218465,-1.2277166317929469,0.0684378913455758,0.746211337956864,0.08761337639075058,0.7093460723795492,0.07983156924792405,0.2906539276204509,0.07983156924792405,0.0,0.0,28.745480229504544,2.3025044811560895,1.0,0.0,1.0,0.6733057763246535,0.10826230010139845,0.746211337956864,0.08761337639075058,-27.112018088469757,9.793741874476426,0.0,0.0,0.0,0.0,0.5705739276494117,0.07718782292378955,31.6,5.71314274283428,0.6840457408089254,0.056012461710985395,31.6,5.71314274283428,31.6,5.71314274283428,27.112018088469757,-38.703513042405284,6.722313713946853,9.793741874476426
no_wrapper,Safe-AC,mild_left_weak,10,False,0.08,0.05,0.0,0.0,38.624134212499385,4.019230694342937,0.19717678608152794,0.019246802192804415,9.165554752412335,1.7501552130959626,0.8092082434481631,0.04695925482020791,0.5765316617541316,0.027755303145257926,-1.404210125936698,0.07974289405472226,0.7474371293527649,0.06765277453513117,0.7366760087310426,0.06067151368404622,0.26332399126895745,0.06067151368404622,0.0,0.0,28.005694366568775,3.4653051714875605,1.0,0.0,1.0,0.679493504466954,0.06152008726832974,0.7474371293527649,0.06765277453513117,-25.499042560556894,6.118031270688384,0.0,0.0,0.0,0.0,0.5969426859961408,0.0816151139938551,31.8,6.177378084592201,0.682905949169871,0.06229575969792066,31.8,6.177378084592201,31.8,6.177378084592201,25.499042560556894,-44.49039326660349,8.305716690646458,6.118031270688384
no_wrapper,Safe-AC,severe_left_weak,10,False,0.08,0.05,0.0,0.0,39.04160164664778,5.633857867407178,0.25685465019208403,0.02237686760013567,8.915134403757424,1.5477328413217024,0.8580558828049962,0.03844181890249596,0.5611472220802364,0.028671495682737837,-1.4485912554174685,0.106744848582055,0.8425234152763001,0.06284054497794124,0.8209471413975731,0.05910490869324931,0.17905285860242692,0.05910490869324931,0.0,0.0,26.375233313645346,4.526173533882722,1.0,0.0,1.0,0.791332234773925,0.07075577564118936,0.8425234152763001,0.06284054497794124,-31.790172200566,10.177849703451987,0.0,0.0,0.0,0.0,0.7091678832214788,0.09923827358225491,36.7,8.34326075344646,0.7426799684225638,0.060139080408470685,36.7,8.34326075344646,36.7,8.34326075344646,31.790172200566,-52.547226149186464,9.32806604021155,10.177849703451987
no_wrapper,AutoCurriculum,balanced,10,False,0.08,0.05,0.0,0.0,27.894823342376622,3.743125523470801,0.1599033076237964,0.016299101093551926,7.8065216942603275,1.0077054754174017,0.7567792815588251,0.05569095508896765,0.6518620704095429,0.035022056686761414,-1.1103946129583704,0.09660305603116671,0.681554896140056,0.07616266209316742,0.6674817549472394,0.06173392167398002,0.3325182450527605,0.06173392167398002,0.0,0.0,29.391949554310127,2.701716397085355,1.0,0.0,1.0,0.6510253229120598,0.06694773717601783,0.681554896140056,0.07616266209316742,-30.7683755455668,10.28689962166077,0.0,0.0,0.0,0.0,0.6667464386186875,0.06723502390838637,37.9,7.23118247591637,0.7402465057722807,0.03598755153445869,37.9,7.23118247591637,37.9,7.23118247591637,30.7683755455668,-41.772162129570916,6.916648087095794,10.28689962166077
no_wrapper,AutoCurriculum,mild_left_weak,10,False,0.08,0.05,0.0,0.0,34.60604024945062,6.927355415048908,0.18842407828065952,0.02541821699884471,9.557713685195719,2.1149400571166646,0.760397397270842,0.0641560542612774,0.6201185048283626,0.02967845924357501,-1.2984124670935324,0.13964257252966458,0.6991974498742932,0.08080257268713364,0.6708265352418579,0.08088200067068585,0.3291734647581422,0.08088200067068584,0.0,0.0,28.052434474258384,4.712566271782663,1.0,0.0,1.0,0.6526278701681927,0.09026482883584765,0.6991974498742932,0.08080257268713364,-22.179998757431868,11.382573196388435,0.0,0.0,0.0,0.0,0.6587101049371336,0.09498928510468596,34.7,8.485870609430714,0.7184819201183931,0.06690055290443389,34.7,8.485870609430714,34.7,8.485870609430714,22.179998757431868,-44.08152438770127,6.4640962271966425,11.382573196388435
no_wrapper,AutoCurriculum,severe_left_weak,10,False,0.08,0.05,0.0,0.0,39.969127586765126,2.647187595462216,0.21424561684889004,0.030819902586472592,9.485449468260473,2.008738242586956,0.7379642263787235,0.07821546251742306,0.5768936393936686,0.02746448979987981,-1.4384136206547322,0.0719501380718432,0.6812026746182345,0.09846157622396208,0.6645595012198429,0.09024379125834936,0.33544049878015725,0.09024379125834935,0.0,0.0,26.588729068223508,3.6483471125785605,1.0,0.0,1.0,0.6363503358332581,0.10294804096696795,0.6812026746182345,0.09846157622396208,-23.17022168870064,10.22364026455711,0.0,0.0,0.0,0.0,0.6637074004595364,0.06342855922684282,32.6,4.454211490264017,0.7177948610202847,0.044634267986393854,32.6,4.454211490264017,32.6,4.454211490264017,23.17022168870064,-46.8041257469362,6.023404580693451,10.22364026455711
